variant,n,network,cpu,scenario,run,timestamp,status,timed_out,note,duration_ms,first_row_ms,list_ready_ms,fcp_ms,lcp_ms,tbt_ms,long_tasks,js_heap_used_bytes,js_heap_used_after_gc_bytes,dom_nodes,dom_elements,api_requests,api_transfer_bytes,api_body_bytes,api_items,total_requests,total_transfer_bytes,rows_rendered,rows_reached
new,100,none,1,initial_load,1,2026-10-03T09:55:06.884Z,ok,0,,580.2,580.2,580.2,64,444,19,2,11592236,9671772,786,535,1,15384,15075,20,9,858981,12,
new,100,none,1,scroll_pages,1,2026-10-03T09:55:09.515Z,ok,0,,920.2,,,,,0,0,16790680,10936820,1185,788,3,45665,44741,60,3,45665,20,60
new,100,none,1,scroll_all,1,2026-10-03T09:55:12.272Z,ok,0,,723.3,,,,,0,0,16297760,10917408,937,630,4,56294,55075,74,4,56294,15,94
new,100,none,1,filter_change,1,2026-10-03T09:55:14.086Z,ok,0,rows 12->12,80,,,,,0,0,14009740,11428800,899,617,1,15264,14956,20,1,15264,12,
new,100,none,1,sort_change,1,2026-10-03T09:55:15.882Z,ok,0,rows 12->12,79.1,,,,,0,0,13587584,11234092,847,560,1,15227,14919,20,1,15227,12,
new,100,none,1,initial_load,2,2026-10-03T09:55:18.023Z,ok,0,,571.9,571.9,571.9,68,452,18,2,11484876,9663904,786,535,1,15384,15075,20,9,858981,12,
new,100,none,1,scroll_pages,2,2026-10-03T09:55:20.716Z,ok,0,,991,,,,,0,0,16021872,10930656,1185,788,3,45665,44741,60,3,45665,20,60
new,100,none,1,scroll_all,2,2026-10-03T09:55:23.572Z,ok,0,,869.4,,,,,0,0,15164920,10907356,937,630,4,56294,55075,74,4,56294,15,94
new,100,none,1,filter_change,2,2026-10-03T09:55:25.404Z,ok,0,rows 12->12,80.3,,,,,0,0,14022616,11429608,899,617,1,15264,14956,20,1,15264,12,
new,100,none,1,sort_change,2,2026-10-03T09:55:27.244Z,ok,0,rows 12->12,84.6,,,,,0,0,13630548,11236872,847,560,1,15227,14919,20,1,15227,12,
new,100,none,1,initial_load,3,2026-10-03T09:55:29.388Z,ok,0,,573.7,573.7,573.7,64,508,19,2,11509972,9663892,786,535,1,15384,15075,20,9,858981,12,
new,100,none,1,scroll_pages,3,2026-10-03T09:55:32.069Z,ok,0,,971.2,,,,,0,0,16702820,10930452,1185,788,3,45665,44741,60,3,45665,20,60
new,100,none,1,scroll_all,3,2026-10-03T09:55:34.838Z,ok,0,,746.5,,,,,0,0,14988940,10908932,937,630,4,56294,55075,74,4,56294,15,94
new,100,none,1,filter_change,3,2026-10-03T09:55:36.668Z,ok,0,rows 12->12,77.6,,,,,0,0,14782228,11437672,899,617,1,15264,14956,20,1,15264,12,
new,100,none,1,sort_change,3,2026-10-03T09:55:38.478Z,ok,0,rows 12->12,79.8,,,,,0,0,13542760,11224588,847,560,1,15227,14919,20,1,15227,12,
new,100,none,1,initial_load,4,2026-10-03T09:55:40.634Z,ok,0,,586.9,586.9,586.9,64,460,23,2,11543248,9657448,786,535,1,15384,15075,20,9,858981,12,
new,100,none,1,scroll_pages,4,2026-10-03T09:55:43.256Z,ok,0,,918.3,,,,,0,0,17055756,11019304,1239,822,3,45665,44741,60,3,45665,21,63
new,100,none,1,scroll_all,4,2026-10-03T09:55:46.071Z,ok,0,,784.9,,,,,0,0,16302964,10913412,937,630,4,56294,55075,74,4,56294,15,94
new,100,none,1,filter_change,4,2026-10-03T09:55:47.879Z,ok,0,rows 12->12,79.4,,,,,0,0,14770152,11431412,899,617,1,15264,14956,20,1,15264,12,
new,100,none,1,sort_change,4,2026-10-03T09:55:49.726Z,ok,0,rows 12->12,80.5,,,,,0,0,13575984,11222952,847,560,1,15227,14919,20,1,15227,12,
new,100,none,1,initial_load,5,2026-10-03T09:55:51.877Z,ok,0,,577.1,577.1,577.1,64,464,20,2,11503976,9671788,786,535,1,15384,15075,20,9,858981,12,
new,100,none,1,scroll_pages,5,2026-10-03T09:55:54.497Z,ok,0,,918.7,,,,,0,0,16064716,10924388,1185,788,3,45665,44741,60,3,45665,20,60
new,100,none,1,scroll_all,5,2026-10-03T09:55:57.271Z,ok,0,,774.2,,,,,0,0,18493792,10917128,937,630,4,56294,55075,74,4,56294,15,94
new,100,none,1,filter_change,5,2026-10-03T09:55:59.102Z,ok,0,rows 12->12,81.8,,,,,0,0,14736676,11430276,899,617,1,15264,14956,20,1,15264,12,
new,100,none,1,sort_change,5,2026-10-03T09:56:00.891Z,ok,0,rows 12->12,75.3,,,,,0,0,13577032,11233884,847,560,1,15227,14919,20,1,15227,12,
new,100,none,1,initial_load,6,2026-10-03T09:56:03.055Z,ok,0,,580.6,580.6,580.6,64,460,20,2,11529564,9657180,786,535,1,15384,15075,20,9,858981,12,
new,100,none,1,scroll_pages,6,2026-10-03T09:56:05.633Z,ok,0,,878.3,,,,,0,0,16064204,10924784,1185,788,3,45665,44741,60,3,45665,20,60
new,100,none,1,scroll_all,6,2026-10-03T09:56:08.434Z,ok,0,,796.3,,,,,0,0,16324808,10921392,937,630,4,56294,55075,74,4,56294,15,94
new,100,none,1,filter_change,6,2026-10-03T09:56:10.282Z,ok,0,rows 12->12,79.3,,,,,0,0,14771948,11436052,899,617,1,15264,14956,20,1,15264,12,
new,100,none,1,sort_change,6,2026-10-03T09:56:12.081Z,ok,0,rows 12->12,84.1,,,,,0,0,13591772,11234220,847,560,1,15227,14919,20,1,15227,12,
new,100,none,1,initial_load,7,2026-10-03T09:56:14.222Z,ok,0,,568.8,568.8,568.8,72,724,15,2,11564776,9671096,786,535,1,15384,15075,20,9,858981,12,
new,100,none,1,scroll_pages,7,2026-10-03T09:56:16.833Z,ok,0,,917.5,,,,,0,0,16072240,10924752,1185,788,3,45665,44741,60,3,45665,20,60
new,100,none,1,scroll_all,7,2026-10-03T09:56:19.700Z,ok,0,,816.7,,,,,0,0,16352556,10913608,937,630,4,56294,55075,74,4,56294,15,94
new,100,none,1,filter_change,7,2026-10-03T09:56:21.557Z,ok,0,rows 12->12,79.3,,,,,0,0,13991460,11425968,899,617,1,15264,14956,20,1,15264,12,
new,100,none,1,sort_change,7,2026-10-03T09:56:23.362Z,ok,0,rows 12->12,77.8,,,,,0,0,13568996,11230128,847,560,1,15227,14919,20,1,15227,12,
new,100,none,1,initial_load,8,2026-10-03T09:56:25.503Z,ok,0,,570.3,570.3,570.3,80,500,15,2,11527876,9657432,786,535,1,15384,15075,20,9,858981,12,
new,100,none,1,scroll_pages,8,2026-10-03T09:56:28.179Z,ok,0,,972.8,,,,,0,0,16697004,10937056,1185,788,3,45665,44741,60,3,45665,20,60
new,100,none,1,scroll_all,8,2026-10-03T09:56:30.933Z,ok,0,,770.8,,,,,0,0,16300340,10914716,937,630,4,56294,55075,74,4,56294,15,94
new,100,none,1,filter_change,8,2026-10-03T09:56:32.747Z,ok,0,rows 12->12,81.6,,,,,0,0,14014836,11432260,899,617,1,15264,14956,20,1,15264,12,
new,100,none,1,sort_change,8,2026-10-03T09:56:34.537Z,ok,0,rows 12->12,77.1,,,,,0,0,13587580,11227684,847,560,1,15227,14919,20,1,15227,12,
new,100,none,1,initial_load,9,2026-10-03T09:56:36.686Z,ok,0,,578.8,578.8,578.8,64,468,17,2,11536640,9671724,786,535,1,15384,15075,20,9,858981,12,
new,100,none,1,scroll_pages,9,2026-10-03T09:56:39.273Z,ok,0,,885,,,,,0,0,16082224,10932044,1185,788,3,45665,44741,60,3,45665,20,60
new,100,none,1,scroll_all,9,2026-10-03T09:56:42.082Z,ok,0,,750.7,,,,,0,0,15011024,10907936,937,630,4,56294,55075,74,4,56294,15,94
new,100,none,1,filter_change,9,2026-10-03T09:56:43.920Z,ok,0,rows 12->12,81.3,,,,,0,0,14030480,11429508,899,617,1,15264,14956,20,1,15264,12,
new,100,none,1,sort_change,9,2026-10-03T09:56:45.742Z,ok,0,rows 12->12,81.8,,,,,0,0,13584708,11236972,847,560,1,15227,14919,20,1,15227,12,
new,100,none,1,initial_load,10,2026-10-03T09:56:47.884Z,ok,0,,569.3,569.3,569.3,64,728,14,2,11569328,9671652,786,535,1,15384,15075,20,9,858981,12,
new,100,none,1,scroll_pages,10,2026-10-03T09:56:50.515Z,ok,0,,922,,,,,0,0,16054324,10933256,1185,788,3,45665,44741,60,3,45665,20,60
new,100,none,1,scroll_all,10,2026-10-03T09:56:53.331Z,ok,0,,757.9,,,,,0,0,14944352,10910216,937,630,4,56294,55075,74,4,56294,15,94
new,100,none,1,filter_change,10,2026-10-03T09:56:55.161Z,ok,0,rows 12->12,78.7,,,,,0,0,14735540,11433200,899,617,1,15264,14956,20,1,15264,12,
new,100,none,1,sort_change,10,2026-10-03T09:56:56.962Z,ok,0,rows 12->12,79.4,,,,,0,0,13556220,11231500,847,560,1,15227,14919,20,1,15227,12,
new,100,none,1,initial_load,11,2026-10-03T09:56:59.116Z,ok,0,,575.6,575.6,575.6,72,472,17,2,11539276,9671728,786,535,1,15384,15075,20,9,858981,12,
new,100,none,1,scroll_pages,11,2026-10-03T09:57:01.759Z,ok,0,,937.5,,,,,0,0,16776132,10934700,1185,788,3,45665,44741,60,3,45665,20,60
new,100,none,1,scroll_all,11,2026-10-03T09:57:04.563Z,ok,0,,780,,,,,0,0,16293292,10921228,937,630,4,56294,55075,74,4,56294,15,94
new,100,none,1,filter_change,11,2026-10-03T09:57:06.392Z,ok,0,rows 12->12,78.8,,,,,0,0,14740088,11435012,899,617,1,15264,14956,20,1,15264,12,
new,100,none,1,sort_change,11,2026-10-03T09:57:08.188Z,ok,0,rows 12->12,77.6,,,,,0,0,13640840,11234352,847,560,1,15227,14919,20,1,15227,12,
new,100,none,1,initial_load,12,2026-10-03T09:57:10.326Z,ok,0,,568.5,568.5,568.5,64,764,14,2,11506852,9657448,786,535,1,15384,15075,20,9,858981,12,
new,100,none,1,scroll_pages,12,2026-10-03T09:57:12.971Z,ok,0,,951,,,,,0,0,16697252,10937352,1185,788,3,45665,44741,60,3,45665,20,60
new,100,none,1,scroll_all,12,2026-10-03T09:57:15.777Z,ok,0,,806.9,,,,,0,0,15008880,10908924,937,630,4,56294,55075,74,4,56294,15,94
new,100,none,1,filter_change,12,2026-10-03T09:57:17.623Z,ok,0,rows 12->12,83.5,,,,,0,0,13979340,11425724,899,617,1,15264,14956,20,1,15264,12,
new,100,none,1,sort_change,12,2026-10-03T09:57:19.419Z,ok,0,rows 12->12,78.5,,,,,0,0,13560812,11234228,847,560,1,15227,14919,20,1,15227,12,
new,100,none,1,initial_load,13,2026-10-03T09:57:21.562Z,ok,0,,570,570,570,64,804,20,3,11559788,9657428,786,535,1,15384,15075,20,9,858981,12,
new,100,none,1,scroll_pages,13,2026-10-03T09:57:24.191Z,ok,0,,929.6,,,,,0,0,16140140,10933048,1185,788,3,45665,44741,60,3,45665,20,60
new,100,none,1,scroll_all,13,2026-10-03T09:57:26.930Z,ok,0,,748.1,,,,,0,0,16294532,10917780,937,630,4,56294,55075,74,4,56294,15,94
new,100,none,1,filter_change,13,2026-10-03T09:57:28.771Z,ok,0,rows 12->12,79.8,,,,,0,0,14737556,11432412,899,617,1,15264,14956,20,1,15264,12,
new,100,none,1,sort_change,13,2026-10-03T09:57:30.581Z,ok,0,rows 12->12,76.6,,,,,0,0,13534988,11222908,847,560,1,15227,14919,20,1,15227,12,
new,100,none,1,initial_load,14,2026-10-03T09:57:32.717Z,ok,0,,566.8,566.8,566.8,72,716,11,2,11517708,9658640,786,535,1,15384,15075,20,9,858981,12,
new,100,none,1,scroll_pages,14,2026-10-03T09:57:35.318Z,ok,0,,917.1,,,,,0,0,16059748,10943788,1185,788,3,45665,44741,60,3,45665,20,60
new,100,none,1,scroll_all,14,2026-10-03T09:57:38.112Z,ok,0,,807.5,,,,,0,0,14946416,10915716,937,630,4,56294,55075,74,4,56294,15,94
new,100,none,1,filter_change,14,2026-10-03T09:57:39.957Z,ok,0,rows 12->12,81.9,,,,,0,0,14727528,11431216,899,617,1,15264,14956,20,1,15264,12,
new,100,none,1,sort_change,14,2026-10-03T09:57:41.758Z,ok,0,rows 12->12,85.6,,,,,0,0,13600968,11234540,847,560,1,15227,14919,20,1,15227,12,
new,100,none,1,initial_load,15,2026-10-03T09:57:43.899Z,ok,0,,572.3,572.3,572.3,80,440,19,3,11527956,9657484,786,535,1,15384,15075,20,9,858981,12,
new,100,none,1,scroll_pages,15,2026-10-03T09:57:46.511Z,ok,0,,925.4,,,,,0,0,16029740,10924860,1185,788,3,45665,44741,60,3,45665,20,60
new,100,none,1,scroll_all,15,2026-10-03T09:57:49.289Z,ok,0,,785.9,,,,,0,0,16330024,10920296,937,630,4,56294,55075,74,4,56294,15,94
new,100,none,1,filter_change,15,2026-10-03T09:57:51.150Z,ok,0,rows 12->12,81.3,,,,,0,0,14023684,11430132,899,617,1,15264,14956,20,1,15264,12,
new,100,none,1,sort_change,15,2026-10-03T09:57:52.990Z,ok,0,rows 12->12,79.7,,,,,0,0,13564832,11223804,847,560,1,15227,14919,20,1,15227,12,
new,100,none,1,initial_load,16,2026-10-03T09:57:55.139Z,ok,0,,577.7,577.7,577.7,76,456,21,2,11502196,9657324,786,535,1,15384,15075,20,9,858981,12,
new,100,none,1,scroll_pages,16,2026-10-03T09:57:57.746Z,ok,0,,906.1,,,,,0,0,17065152,11012344,1239,822,3,45665,44741,60,3,45665,21,63
new,100,none,1,scroll_all,16,2026-10-03T09:58:00.494Z,ok,0,,742.1,,,,,0,0,14988200,10915524,937,630,4,56294,55075,74,4,56294,15,94
new,100,none,1,filter_change,16,2026-10-03T09:58:02.354Z,ok,0,rows 12->12,87.2,,,,,0,0,13970496,11426064,899,617,1,15264,14956,20,1,15264,12,
new,100,none,1,sort_change,16,2026-10-03T09:58:04.150Z,ok,0,rows 12->12,78,,,,,0,0,13603192,11226868,847,560,1,15227,14919,20,1,15227,12,
new,100,none,1,initial_load,17,2026-10-03T09:58:06.289Z,ok,0,,570.1,570.1,570.1,64,452,14,2,11513772,9664008,786,535,1,15384,15075,20,9,858981,12,
new,100,none,1,scroll_pages,17,2026-10-03T09:58:08.875Z,ok,0,,887.1,,,,,0,0,16041476,10924720,1185,788,3,45665,44741,60,3,45665,20,60
new,100,none,1,scroll_all,17,2026-10-03T09:58:11.675Z,ok,0,,812.4,,,,,0,0,14956428,10909324,937,630,4,56294,55075,74,4,56294,15,94
new,100,none,1,filter_change,17,2026-10-03T09:58:13.484Z,ok,0,rows 12->12,80.8,,,,,0,0,14779068,11428932,899,617,1,15264,14956,20,1,15264,12,
new,100,none,1,sort_change,17,2026-10-03T09:58:15.286Z,ok,0,rows 12->12,81.3,,,,,0,0,13562168,11227704,847,560,1,15227,14919,20,1,15227,12,
new,100,none,1,initial_load,18,2026-10-03T09:58:17.424Z,ok,0,,568.8,568.8,568.8,80,764,16,2,11541184,9672028,786,535,1,15384,15075,20,9,858981,12,
new,100,none,1,scroll_pages,18,2026-10-03T09:58:20.170Z,ok,0,,1102.1,,,,,0,0,17074236,11016552,1239,822,3,45665,44741,60,3,45665,21,63
new,100,none,1,scroll_all,18,2026-10-03T09:58:22.889Z,ok,0,,738.7,,,,,0,0,16311048,10919708,937,630,4,56294,55075,74,4,56294,15,94
new,100,none,1,filter_change,18,2026-10-03T09:58:24.750Z,ok,0,rows 12->12,82,,,,,0,0,14781320,11429076,899,617,1,15264,14956,20,1,15264,12,
new,100,none,1,sort_change,18,2026-10-03T09:58:26.548Z,ok,0,rows 12->12,79.1,,,,,0,0,13557528,11236640,847,560,1,15227,14919,20,1,15227,12,
new,100,none,1,initial_load,19,2026-10-03T09:58:28.697Z,ok,0,,577.3,577.3,577.3,64,500,18,2,11534524,9671760,786,535,1,15384,15075,20,9,858981,12,
new,100,none,1,scroll_pages,19,2026-10-03T09:58:31.390Z,ok,0,,1047,,,,,0,0,17869892,11017832,1239,822,3,45665,44741,60,3,45665,21,63
new,100,none,1,scroll_all,19,2026-10-03T09:58:34.158Z,ok,0,,778.5,,,,,0,0,16325984,10914984,937,630,4,56294,55075,74,4,56294,15,94
new,100,none,1,filter_change,19,2026-10-03T09:58:35.967Z,ok,0,rows 12->12,78.8,,,,,0,0,14772868,11438688,899,617,1,15264,14956,20,1,15264,12,
new,100,none,1,sort_change,19,2026-10-03T09:58:37.762Z,ok,0,rows 12->12,77.7,,,,,0,0,13566484,11236864,847,560,1,15227,14919,20,1,15227,12,
new,100,none,1,initial_load,20,2026-10-03T09:58:39.906Z,ok,0,,573.2,573.2,573.2,64,464,17,2,11512056,9661860,786,535,1,15384,15075,20,9,858981,12,
new,100,none,1,scroll_pages,20,2026-10-03T09:58:42.553Z,ok,0,,955.5,,,,,0,0,16709228,10936820,1185,788,3,45665,44741,60,3,45665,20,60
new,100,none,1,scroll_all,20,2026-10-03T09:58:45.355Z,ok,0,,819.9,,,,,0,0,16261812,10914576,937,630,4,56294,55075,74,4,56294,15,94
new,100,none,1,filter_change,20,2026-10-03T09:58:47.196Z,ok,0,rows 12->12,80.5,,,,,0,0,14785272,11439560,899,617,1,15264,14956,20,1,15264,12,
new,100,none,1,sort_change,20,2026-10-03T09:58:48.996Z,ok,0,rows 12->12,79.2,,,,,0,0,13631060,11236096,847,560,1,15227,14919,20,1,15227,12,
new,100,none,1,initial_load,21,2026-10-03T09:58:51.140Z,ok,0,,568.4,568.4,568.4,68,516,16,2,11500088,9657500,786,535,1,15384,15075,20,9,858981,12,
new,100,none,1,scroll_pages,21,2026-10-03T09:58:53.738Z,ok,0,,888.7,,,,,0,0,16134520,10931924,1185,788,3,45665,44741,60,3,45665,20,60
new,100,none,1,scroll_all,21,2026-10-03T09:58:56.526Z,ok,0,,786.1,,,,,0,0,14915132,10909036,937,630,4,56294,55075,74,4,56294,15,94
new,100,none,1,filter_change,21,2026-10-03T09:58:58.337Z,ok,0,rows 12->12,80.4,,,,,0,0,13963900,11434024,899,617,1,15264,14956,20,1,15264,12,
new,100,none,1,sort_change,21,2026-10-03T09:59:00.163Z,ok,0,rows 12->12,83.6,,,,,0,0,13566716,11234020,847,560,1,15227,14919,20,1,15227,12,
new,100,none,1,initial_load,22,2026-10-03T09:59:02.301Z,ok,0,,567.3,567.3,567.3,64,720,14,2,11497712,9663304,786,535,1,15384,15075,20,9,858981,12,
new,100,none,1,scroll_pages,22,2026-10-03T09:59:04.905Z,ok,0,,904.2,,,,,0,0,16057588,10932924,1185,788,3,45665,44741,60,3,45665,20,60
new,100,none,1,scroll_all,22,2026-10-03T09:59:07.752Z,ok,0,,871.4,,,,,0,0,16249140,10908744,937,630,4,56294,55075,74,4,56294,15,94
new,100,none,1,filter_change,22,2026-10-03T09:59:09.619Z,ok,0,rows 12->12,84,,,,,0,0,14765220,11433908,899,617,1,15264,14956,20,1,15264,12,
new,100,none,1,sort_change,22,2026-10-03T09:59:11.415Z,ok,0,rows 12->12,80.6,,,,,0,0,13606072,11223152,847,560,1,15227,14919,20,1,15227,12,
new,100,none,1,initial_load,23,2026-10-03T09:59:13.563Z,ok,0,,576.4,576.4,576.4,84,500,21,2,11525756,9671748,786,535,1,15384,15075,20,9,858981,12,
new,100,none,1,scroll_pages,23,2026-10-03T09:59:16.282Z,ok,0,,1017.8,,,,,0,0,16746676,10937260,1185,788,3,45665,44741,60,3,45665,20,60
new,100,none,1,scroll_all,23,2026-10-03T09:59:19.119Z,ok,0,,820.7,,,,,0,0,15248792,10922284,937,630,4,56294,55075,74,4,56294,15,94
new,100,none,1,filter_change,23,2026-10-03T09:59:20.934Z,ok,0,rows 12->12,80.9,,,,,0,0,13975816,11425948,899,617,1,15264,14956,20,1,15264,12,
new,100,none,1,sort_change,23,2026-10-03T09:59:22.761Z,ok,0,rows 12->12,78.1,,,,,0,0,13572012,11223024,847,560,1,15227,14919,20,1,15227,12,
new,100,none,1,initial_load,24,2026-10-03T09:59:24.928Z,ok,0,,594.3,594.3,594.3,68,536,33,3,11548644,9663608,786,535,1,15384,15075,20,9,858981,12,
new,100,none,1,scroll_pages,24,2026-10-03T09:59:27.576Z,ok,0,,941.4,,,,,0,0,16776708,10937132,1185,788,3,45665,44741,60,3,45665,20,60
new,100,none,1,scroll_all,24,2026-10-03T09:59:30.488Z,ok,0,,911.5,,,,,0,0,15219196,10913516,937,630,4,56294,55075,74,4,56294,15,94
new,100,none,1,filter_change,24,2026-10-03T09:59:32.318Z,ok,0,rows 12->12,77.7,,,,,0,0,14750052,11432660,899,617,1,15264,14956,20,1,15264,12,
new,100,none,1,sort_change,24,2026-10-03T09:59:34.127Z,ok,0,rows 12->12,79.7,,,,,0,0,13564168,11231520,847,560,1,15227,14919,20,1,15227,12,
new,100,none,1,initial_load,25,2026-10-03T09:59:36.270Z,ok,0,,571.9,571.9,571.9,80,476,14,2,11579172,9671956,786,535,1,15384,15075,20,9,858981,12,
new,100,none,1,scroll_pages,25,2026-10-03T09:59:38.878Z,ok,0,,916.7,,,,,0,0,16037308,10932096,1185,788,3,45665,44741,60,3,45665,20,60
new,100,none,1,scroll_all,25,2026-10-03T09:59:41.739Z,ok,0,,783.1,,,,,0,0,14949456,10910608,937,630,4,56294,55075,74,4,56294,15,94
new,100,none,1,filter_change,25,2026-10-03T09:59:43.610Z,ok,0,rows 12->12,83.9,,,,,0,0,14748468,11433992,899,617,1,15264,14956,20,1,15264,12,
new,100,none,1,sort_change,25,2026-10-03T09:59:45.412Z,ok,0,rows 12->12,80.7,,,,,0,0,13571164,11227632,847,560,1,15227,14919,20,1,15227,12,
new,100,none,1,initial_load,26,2026-10-03T09:59:47.554Z,ok,0,,567.5,567.5,567.5,80,728,14,2,11508564,9671808,786,535,1,15384,15075,20,9,858981,12,
new,100,none,1,scroll_pages,26,2026-10-03T09:59:50.181Z,ok,0,,976.2,,,,,0,0,17083288,11022516,1239,822,3,45665,44741,60,3,45665,21,63
new,100,none,1,scroll_all,26,2026-10-03T09:59:52.931Z,ok,0,,756.9,,,,,0,0,16329892,10912540,937,630,4,56294,55075,74,4,56294,15,94
new,100,none,1,filter_change,26,2026-10-03T09:59:54.777Z,ok,0,rows 12->12,79.9,,,,,0,0,14754024,11444244,899,617,1,15264,14956,20,1,15264,12,
new,100,none,1,sort_change,26,2026-10-03T09:59:56.584Z,ok,0,rows 12->12,81.7,,,,,0,0,13544340,11235460,847,560,1,15227,14919,20,1,15227,12,
new,100,none,1,initial_load,27,2026-10-03T09:59:58.730Z,ok,0,,578.7,578.7,578.7,72,460,19,2,11523252,9657604,786,535,1,15384,15075,20,9,858981,12,
new,100,none,1,scroll_pages,27,2026-10-03T10:00:01.510Z,ok,0,,1081.5,,,,,0,0,16781296,10931328,1185,788,3,45665,44741,60,3,45665,20,60
new,100,none,1,scroll_all,27,2026-10-03T10:00:04.266Z,ok,0,,759.6,,,,,0,0,14988860,10908976,937,630,4,56294,55075,74,4,56294,15,94
new,100,none,1,filter_change,27,2026-10-03T10:00:06.113Z,ok,0,rows 12->12,85,,,,,0,0,14780340,11434248,899,617,1,15264,14956,20,1,15264,12,
new,100,none,1,sort_change,27,2026-10-03T10:00:07.956Z,ok,0,rows 12->12,83.6,,,,,0,0,13565596,11231788,847,560,1,15227,14919,20,1,15227,12,
new,100,none,1,initial_load,28,2026-10-03T10:00:10.093Z,ok,0,,569.2,569.2,569.2,72,756,11,2,11535440,9657672,786,535,1,15384,15075,20,9,858981,12,
new,100,none,1,scroll_pages,28,2026-10-03T10:00:12.691Z,ok,0,,907.2,,,,,0,0,16092472,10938704,1185,788,3,45665,44741,60,3,45665,20,60
new,100,none,1,scroll_all,28,2026-10-03T10:00:15.516Z,ok,0,,812.7,,,,,0,0,16294952,10913124,937,630,4,56294,55075,74,4,56294,15,94
new,100,none,1,filter_change,28,2026-10-03T10:00:17.325Z,ok,0,rows 12->12,79.7,,,,,0,0,14708472,11430216,899,617,1,15264,14956,20,1,15264,12,
new,100,none,1,sort_change,28,2026-10-03T10:00:19.124Z,ok,0,rows 12->12,78.8,,,,,0,0,13528248,11236636,847,560,1,15227,14919,20,1,15227,12,
new,100,none,1,initial_load,29,2026-10-03T10:00:21.275Z,ok,0,,573.7,573.7,573.7,76,776,15,2,11525296,9657664,786,535,1,15384,15075,20,9,858981,12,
new,100,none,1,scroll_pages,29,2026-10-03T10:00:23.912Z,ok,0,,938.3,,,,,0,0,17048392,11012144,1239,822,3,45665,44741,60,3,45665,21,63
new,100,none,1,scroll_all,29,2026-10-03T10:00:26.730Z,ok,0,,768.7,,,,,0,0,16320044,10920876,937,630,4,56294,55075,74,4,56294,15,94
new,100,none,1,filter_change,29,2026-10-03T10:00:28.553Z,ok,0,rows 12->12,76.6,,,,,0,0,14741876,11429540,899,617,1,15264,14956,20,1,15264,12,
new,100,none,1,sort_change,29,2026-10-03T10:00:30.352Z,ok,0,rows 12->12,76.6,,,,,0,0,13573416,11223704,847,560,1,15227,14919,20,1,15227,12,
new,100,none,1,initial_load,30,2026-10-03T10:00:32.496Z,ok,0,,571.8,571.8,571.8,64,480,14,2,11502092,9663816,786,535,1,15384,15075,20,9,858981,12,
new,100,none,1,scroll_pages,30,2026-10-03T10:00:35.124Z,ok,0,,923.4,,,,,0,0,16730668,10930680,1185,788,3,45665,44741,60,3,45665,20,60
new,100,none,1,scroll_all,30,2026-10-03T10:00:37.895Z,ok,0,,780.2,,,,,0,0,14930348,10911452,937,630,4,56294,55075,74,4,56294,15,94
new,100,none,1,filter_change,30,2026-10-03T10:00:39.687Z,ok,0,rows 12->12,79.7,,,,,0,0,14045816,11427688,899,617,1,15264,14956,20,1,15264,12,
new,100,none,1,sort_change,30,2026-10-03T10:00:41.503Z,ok,0,rows 12->12,82.4,,,,,0,0,13597280,11234232,847,560,1,15227,14919,20,1,15227,12,
new,1000,none,1,initial_load,1,2026-10-03T10:01:52.532Z,ok,0,,573.1,573.1,573.1,80,724,18,2,11541696,9703656,801,544,1,15289,14981,20,9,859292,12,
new,1000,none,1,scroll_pages,1,2026-10-03T10:01:55.156Z,ok,0,,913.9,,,,,0,0,16069780,10916572,1185,788,3,45938,45012,60,3,45938,20,60
new,1000,none,1,scroll_all,1,2026-10-03T10:02:06.103Z,ok,0,,8932.5,,,,,0,0,38889600,12801388,942,633,45,684586,670723,896,45,684586,15,916
new,1000,none,1,filter_change,1,2026-10-03T10:02:07.967Z,ok,0,rows 12->12,77.9,,,,,0,0,14584444,11419572,904,620,1,15213,14905,20,1,15213,12,
new,1000,none,1,sort_change,1,2026-10-03T10:02:09.769Z,ok,0,rows 12->12,83,,,,,0,0,13758672,11254476,862,569,1,15201,14893,20,1,15201,12,
new,1000,none,1,initial_load,2,2026-10-03T10:02:11.919Z,ok,0,,575,575,575,76,440,15,2,11564316,9699412,801,544,1,15289,14981,20,9,859292,12,
new,1000,none,1,scroll_pages,2,2026-10-03T10:02:14.500Z,ok,0,,884.5,,,,,0,0,16063224,10928180,1185,788,3,45938,45012,60,3,45938,20,60
new,1000,none,1,scroll_all,2,2026-10-03T10:02:25.344Z,ok,0,,8788.1,,,,,0,0,13365920,12782084,942,633,45,684586,670723,896,45,684586,15,916
new,1000,none,1,filter_change,2,2026-10-03T10:02:27.212Z,ok,0,rows 12->12,78.1,,,,,0,0,14582556,11418452,904,620,1,15213,14905,20,1,15213,12,
new,1000,none,1,sort_change,2,2026-10-03T10:02:29.015Z,ok,0,rows 12->12,79.3,,,,,0,0,13753876,11251028,862,569,1,15201,14893,20,1,15201,12,
new,1000,none,1,initial_load,3,2026-10-03T10:02:31.170Z,ok,0,,581.6,581.6,581.6,76,480,25,2,11558864,9692284,801,544,1,15289,14981,20,9,859292,12,
new,1000,none,1,scroll_pages,3,2026-10-03T10:02:33.765Z,ok,0,,889.9,,,,,0,0,16084528,10916228,1185,788,3,45938,45012,60,3,45938,20,60
new,1000,none,1,scroll_all,3,2026-10-03T10:02:44.693Z,ok,0,,8923.3,,,,,0,0,25922252,12785384,942,633,45,684586,670723,896,45,684586,15,916
new,1000,none,1,filter_change,3,2026-10-03T10:02:46.542Z,ok,0,rows 12->12,82,,,,,0,0,14633904,11412980,904,620,1,15213,14905,20,1,15213,12,
new,1000,none,1,sort_change,3,2026-10-03T10:02:48.342Z,ok,0,rows 12->12,78.5,,,,,0,0,13735864,11262968,862,569,1,15201,14893,20,1,15201,12,
new,1000,none,1,initial_load,4,2026-10-03T10:02:50.488Z,ok,0,,575.9,575.9,575.9,64,456,21,2,11607104,9692360,801,544,1,15289,14981,20,9,859292,12,
new,1000,none,1,scroll_pages,4,2026-10-03T10:02:53.110Z,ok,0,,915,,,,,0,0,16044060,10923272,1185,788,3,45938,45012,60,3,45938,20,60
new,1000,none,1,scroll_all,4,2026-10-03T10:03:03.961Z,ok,0,,8874.2,,,,,0,0,15009476,12786072,942,633,45,684586,670723,896,45,684586,15,916
new,1000,none,1,filter_change,4,2026-10-03T10:03:05.844Z,ok,0,rows 12->12,79,,,,,0,0,14576064,11414584,904,620,1,15213,14905,20,1,15213,12,
new,1000,none,1,sort_change,4,2026-10-03T10:03:07.660Z,ok,0,rows 12->12,79.6,,,,,0,0,13763888,11257360,862,569,1,15201,14893,20,1,15201,12,
new,1000,none,1,initial_load,5,2026-10-03T10:03:09.798Z,ok,0,,567.4,567.4,567.4,76,748,16,2,11546084,9693148,801,544,1,15289,14981,20,9,859292,12,
new,1000,none,1,scroll_pages,5,2026-10-03T10:03:12.379Z,ok,0,,887.3,,,,,0,0,16035656,10923700,1185,788,3,45938,45012,60,3,45938,20,60
new,1000,none,1,scroll_all,5,2026-10-03T10:03:23.204Z,ok,0,,8710.5,,,,,0,0,20732376,12771532,942,633,45,684586,670723,896,45,684586,15,916
new,1000,none,1,filter_change,5,2026-10-03T10:03:25.026Z,ok,0,rows 12->12,77.3,,,,,0,0,14592820,11407780,904,620,1,15213,14905,20,1,15213,12,
new,1000,none,1,sort_change,5,2026-10-03T10:03:26.823Z,ok,0,rows 12->12,79.1,,,,,0,0,13759500,11254176,862,569,1,15201,14893,20,1,15201,12,
new,1000,none,1,initial_load,6,2026-10-03T10:03:28.974Z,ok,0,,572.4,572.4,572.4,64,452,17,2,11564880,9697424,801,544,1,15289,14981,20,9,859292,12,
new,1000,none,1,scroll_pages,6,2026-10-03T10:03:31.644Z,ok,0,,972.3,,,,,0,0,16023080,10938476,1185,788,3,45938,45012,60,3,45938,20,60
new,1000,none,1,scroll_all,6,2026-10-03T10:03:42.574Z,ok,0,,8924.8,,,,,0,0,30259480,12790720,942,633,45,684586,670723,896,45,684586,15,916
new,1000,none,1,filter_change,6,2026-10-03T10:03:44.389Z,ok,0,rows 12->12,76,,,,,0,0,14634152,11409096,904,620,1,15213,14905,20,1,15213,12,
new,1000,none,1,sort_change,6,2026-10-03T10:03:46.188Z,ok,0,rows 12->12,81.1,,,,,0,0,13740624,11252292,862,569,1,15201,14893,20,1,15201,12,
new,1000,none,1,initial_load,7,2026-10-03T10:03:48.328Z,ok,0,,568,568,568,64,468,12,2,11522068,9703868,801,544,1,15289,14981,20,9,859292,12,
new,1000,none,1,scroll_pages,7,2026-10-03T10:03:50.923Z,ok,0,,897.3,,,,,0,0,16085300,10922728,1185,788,3,45938,45012,60,3,45938,20,60
new,1000,none,1,scroll_all,7,2026-10-03T10:04:01.809Z,ok,0,,8883.9,,,,,0,0,34608840,12781264,942,633,45,684586,670723,896,45,684586,15,916
new,1000,none,1,filter_change,7,2026-10-03T10:04:03.658Z,ok,0,rows 12->12,81,,,,,0,0,14617640,11409340,904,620,1,15213,14905,20,1,15213,12,
new,1000,none,1,sort_change,7,2026-10-03T10:04:05.453Z,ok,0,rows 12->12,78.9,,,,,0,0,13801296,11256664,862,569,1,15201,14893,20,1,15201,12,
new,1000,none,1,initial_load,8,2026-10-03T10:04:07.608Z,ok,0,,582.5,582.5,582.5,64,720,23,2,11527408,9693220,801,544,1,15289,14981,20,9,859292,12,
new,1000,none,1,scroll_pages,8,2026-10-03T10:04:10.241Z,ok,0,,919.6,,,,,0,0,16035280,10931164,1185,788,3,45938,45012,60,3,45938,20,60
new,1000,none,1,scroll_all,8,2026-10-03T10:04:21.616Z,ok,0,,9309.1,,,,,0,0,23765536,12781812,942,633,45,684586,670723,896,45,684586,15,916
new,1000,none,1,filter_change,8,2026-10-03T10:04:23.480Z,ok,0,rows 12->12,79.5,,,,,0,0,14578396,11417960,904,620,1,15213,14905,20,1,15213,12,
new,1000,none,1,sort_change,8,2026-10-03T10:04:25.287Z,ok,0,rows 12->12,79.3,,,,,0,0,13713776,11254012,862,569,1,15201,14893,20,1,15201,12,
new,1000,none,1,initial_load,9,2026-10-03T10:04:27.437Z,ok,0,,577.8,577.8,577.8,80,452,20,2,11561656,9703412,801,544,1,15289,14981,20,9,859292,12,
new,1000,none,1,scroll_pages,9,2026-10-03T10:04:30.101Z,ok,0,,949.6,,,,,0,0,16080196,10915524,1185,788,3,45938,45012,60,3,45938,20,60
new,1000,none,1,scroll_all,9,2026-10-03T10:04:41.901Z,ok,0,,9805.6,,,,,0,0,30362856,12781608,942,633,45,684586,670723,896,45,684586,15,916
new,1000,none,1,filter_change,9,2026-10-03T10:04:43.774Z,ok,0,rows 12->12,79.8,,,,,0,0,14590648,11409960,904,620,1,15213,14905,20,1,15213,12,
new,1000,none,1,sort_change,9,2026-10-03T10:04:45.580Z,ok,0,rows 12->12,76.8,,,,,0,0,13728528,11252348,862,569,1,15201,14893,20,1,15201,12,
new,1000,none,1,initial_load,10,2026-10-03T10:04:47.730Z,ok,0,,576.7,576.7,576.7,68,464,13,2,11576056,9709812,801,544,1,15289,14981,20,9,859292,12,
new,1000,none,1,scroll_pages,10,2026-10-03T10:04:50.357Z,ok,0,,921.8,,,,,0,0,16065716,10934896,1185,788,3,45938,45012,60,3,45938,20,60
new,1000,none,1,scroll_all,10,2026-10-03T10:05:01.210Z,ok,0,,8831.5,,,,,0,0,17800176,12775060,942,633,45,684586,670723,896,45,684586,15,916
new,1000,none,1,filter_change,10,2026-10-03T10:05:03.063Z,ok,0,rows 12->12,80.7,,,,,0,0,14574760,11410012,904,620,1,15213,14905,20,1,15213,12,
new,1000,none,1,sort_change,10,2026-10-03T10:05:04.848Z,ok,0,rows 12->12,80.4,,,,,0,0,13832216,11261660,862,569,1,15201,14893,20,1,15201,12,
new,1000,none,1,initial_load,11,2026-10-03T10:05:06.992Z,ok,0,,573.1,573.1,573.1,64,528,17,2,11561700,9703372,801,544,1,15289,14981,20,9,859292,12,
new,1000,none,1,scroll_pages,11,2026-10-03T10:05:09.601Z,ok,0,,907.8,,,,,0,0,16083364,10915664,1185,788,3,45938,45012,60,3,45938,20,60
new,1000,none,1,scroll_all,11,2026-10-03T10:05:20.748Z,ok,0,,9137.6,,,,,0,0,30323720,12782084,942,633,45,684586,670723,896,45,684586,15,916
new,1000,none,1,filter_change,11,2026-10-03T10:05:22.617Z,ok,0,rows 12->12,78.5,,,,,0,0,14598448,11408984,904,620,1,15213,14905,20,1,15213,12,
new,1000,none,1,sort_change,11,2026-10-03T10:05:24.430Z,ok,0,rows 12->12,82.6,,,,,0,0,13758108,11250428,862,569,1,15201,14893,20,1,15201,12,
new,1000,none,1,initial_load,12,2026-10-03T10:05:26.593Z,ok,0,,591.4,591.4,591.4,80,520,31,2,11534740,9692544,801,544,1,15289,14981,20,9,859292,12,
new,1000,none,1,scroll_pages,12,2026-10-03T10:05:29.246Z,ok,0,,959,,,,,0,0,16003692,10932268,1185,788,3,45938,45012,60,3,45938,20,60
new,1000,none,1,scroll_all,12,2026-10-03T10:05:41.372Z,ok,0,,10145.1,,,,,3,1,17251876,12781828,942,633,45,684586,670723,896,45,684586,15,916
new,1000,none,1,filter_change,12,2026-10-03T10:05:43.309Z,ok,0,rows 12->12,83.6,,,,,0,0,14573712,11407112,904,620,1,15213,14905,20,1,15213,12,
new,1000,none,1,sort_change,12,2026-10-03T10:05:45.224Z,ok,0,rows 12->12,90.3,,,,,0,0,13735084,11253972,862,569,1,15201,14893,20,1,15201,12,
new,1000,none,1,initial_load,13,2026-10-03T10:05:47.433Z,ok,0,,625,625,625,88,576,52,3,11573936,9692836,801,544,1,15289,14981,20,9,859292,12,
new,1000,none,1,scroll_pages,13,2026-10-03T10:05:50.180Z,ok,0,,1000.9,,,,,0,0,17100724,11019096,1234,819,3,45938,45012,60,3,45938,21,64
new,1000,none,1,scroll_all,13,2026-10-03T10:06:02.226Z,ok,0,,9942.6,,,,,0,0,27965176,12777156,942,633,45,684586,670723,896,45,684586,15,916
new,1000,none,1,filter_change,13,2026-10-03T10:06:04.101Z,ok,0,rows 12->12,83.2,,,,,0,0,14582212,11413328,904,620,1,15213,14905,20,1,15213,12,
new,1000,none,1,sort_change,13,2026-10-03T10:06:05.955Z,ok,0,rows 12->12,83.4,,,,,0,0,13742736,11256492,862,569,1,15201,14893,20,1,15201,12,
new,1000,none,1,initial_load,14,2026-10-03T10:06:08.120Z,ok,0,,589.4,589.4,589.4,68,500,17,2,11547136,9693128,801,544,1,15289,14981,20,9,859292,12,
new,1000,none,1,scroll_pages,14,2026-10-03T10:06:10.801Z,ok,0,,974.6,,,,,0,0,16093588,10923688,1185,788,3,45938,45012,60,3,45938,20,60
new,1000,none,1,scroll_all,14,2026-10-03T10:06:22.295Z,ok,0,,9385.8,,,,,0,0,21259588,12779216,942,633,45,684586,670723,896,45,684586,15,916
new,1000,none,1,filter_change,14,2026-10-03T10:06:24.148Z,ok,0,rows 12->12,78.9,,,,,0,0,14579912,11410016,904,620,1,15213,14905,20,1,15213,12,
new,1000,none,1,sort_change,14,2026-10-03T10:06:25.959Z,ok,0,rows 12->12,78,,,,,0,0,13755672,11251068,862,569,1,15201,14893,20,1,15201,12,
new,1000,none,1,initial_load,15,2026-10-03T10:06:28.126Z,ok,0,,591.2,591.2,591.2,80,816,26,2,11589244,9709920,801,544,1,15289,14981,20,9,859292,12,
new,1000,none,1,scroll_pages,15,2026-10-03T10:06:30.767Z,ok,0,,942.5,,,,,0,0,16043800,10916952,1185,788,3,45938,45012,60,3,45938,20,60
new,1000,none,1,scroll_all,15,2026-10-03T10:06:42.006Z,ok,0,,9141.9,,,,,0,0,15567644,12793988,942,633,45,684586,670723,896,45,684586,15,916
new,1000,none,1,filter_change,15,2026-10-03T10:06:43.880Z,ok,0,rows 12->12,83.4,,,,,0,0,14573656,11412108,904,620,1,15213,14905,20,1,15213,12,
new,1000,none,1,sort_change,15,2026-10-03T10:06:45.715Z,ok,0,rows 12->12,83.5,,,,,0,0,13752196,11250376,862,569,1,15201,14893,20,1,15201,12,
new,1000,none,1,initial_load,16,2026-10-03T10:06:47.874Z,ok,0,,587.1,587.1,587.1,80,484,17,2,11519300,9699284,801,544,1,15289,14981,20,9,859292,12,
new,1000,none,1,scroll_pages,16,2026-10-03T10:06:50.483Z,ok,0,,908.4,,,,,0,0,16035400,10923152,1185,788,3,45938,45012,60,3,45938,20,60
new,1000,none,1,scroll_all,16,2026-10-03T10:07:02.016Z,ok,0,,9514.4,,,,,0,0,21517776,12788428,942,633,45,684586,670723,896,45,684586,15,916
new,1000,none,1,filter_change,16,2026-10-03T10:07:03.879Z,ok,0,rows 12->12,80.9,,,,,0,0,14588060,11408396,904,620,1,15213,14905,20,1,15213,12,
new,1000,none,1,sort_change,16,2026-10-03T10:07:05.720Z,ok,0,rows 12->12,83.1,,,,,0,0,13745004,11252324,862,569,1,15201,14893,20,1,15201,12,
new,1000,none,1,initial_load,17,2026-10-03T10:07:07.881Z,ok,0,,585.2,585.2,585.2,64,492,24,2,11606640,9703360,801,544,1,15289,14981,20,9,859292,12,
new,1000,none,1,scroll_pages,17,2026-10-03T10:07:10.453Z,ok,0,,822.4,,,,,0,0,16113840,10915436,1185,788,3,45938,45012,60,3,45938,20,60
new,1000,none,1,scroll_all,17,2026-10-03T10:07:21.924Z,ok,0,,9443.9,,,,,0,0,17306312,12776108,942,633,45,684586,670723,896,45,684586,15,916
new,1000,none,1,filter_change,17,2026-10-03T10:07:23.789Z,ok,0,rows 12->12,78.3,,,,,0,0,14610912,11412728,904,620,1,15213,14905,20,1,15213,12,
new,1000,none,1,sort_change,17,2026-10-03T10:07:25.603Z,ok,0,rows 12->12,78.5,,,,,0,0,13796336,11251004,862,569,1,15201,14893,20,1,15201,12,
new,1000,none,1,initial_load,18,2026-10-03T10:07:27.751Z,ok,0,,579,579,579,64,772,19,2,11572036,9703288,801,544,1,15289,14981,20,9,859292,12,
new,1000,none,1,scroll_pages,18,2026-10-03T10:07:30.407Z,ok,0,,948.6,,,,,0,0,16079700,10938784,1185,788,3,45938,45012,60,3,45938,20,60
new,1000,none,1,scroll_all,18,2026-10-03T10:07:41.501Z,ok,0,,9033.2,,,,,0,0,19326548,12786828,942,633,45,684586,670723,896,45,684586,15,916
new,1000,none,1,filter_change,18,2026-10-03T10:07:43.370Z,ok,0,rows 12->12,80.2,,,,,0,0,14639492,11413056,904,620,1,15213,14905,20,1,15213,12,
new,1000,none,1,sort_change,18,2026-10-03T10:07:45.229Z,ok,0,rows 12->12,84.2,,,,,0,0,13740736,11250924,862,569,1,15201,14893,20,1,15201,12,
new,1000,none,1,initial_load,19,2026-10-03T10:07:47.393Z,ok,0,,590.9,590.9,590.9,72,464,23,2,11551560,9703452,801,544,1,15289,14981,20,9,859292,12,
new,1000,none,1,scroll_pages,19,2026-10-03T10:07:50.005Z,ok,0,,907.4,,,,,0,0,16167220,10923708,1185,788,3,45938,45012,60,3,45938,20,60
new,1000,none,1,scroll_all,19,2026-10-03T10:08:01.045Z,ok,0,,9039.7,,,,,0,0,23726324,12790408,942,633,45,684586,670723,896,45,684586,15,916
new,1000,none,1,filter_change,19,2026-10-03T10:08:02.912Z,ok,0,rows 12->12,80.3,,,,,0,0,14644532,11406772,904,620,1,15213,14905,20,1,15213,12,
new,1000,none,1,sort_change,19,2026-10-03T10:08:04.750Z,ok,0,rows 12->12,82.9,,,,,0,0,13703500,11252476,862,569,1,15201,14893,20,1,15201,12,
new,1000,none,1,initial_load,20,2026-10-03T10:08:06.906Z,ok,0,,582.9,582.9,582.9,64,432,23,2,11570684,9703204,801,544,1,15289,14981,20,9,859292,12,
new,1000,none,1,scroll_pages,20,2026-10-03T10:08:09.498Z,ok,0,,883.6,,,,,0,0,16124884,10922292,1185,788,3,45938,45012,60,3,45938,20,60
new,1000,none,1,scroll_all,20,2026-10-03T10:08:20.686Z,ok,0,,9202.7,,,,,0,0,17309120,12793336,942,633,45,684586,670723,896,45,684586,15,916
new,1000,none,1,filter_change,20,2026-10-03T10:08:22.555Z,ok,0,rows 12->12,79.2,,,,,0,0,14630456,11407932,904,620,1,15213,14905,20,1,15213,12,
new,1000,none,1,sort_change,20,2026-10-03T10:08:24.394Z,ok,0,rows 12->12,80.7,,,,,0,0,13771748,11252264,862,569,1,15201,14893,20,1,15201,12,
new,1000,none,1,initial_load,21,2026-10-03T10:08:26.539Z,ok,0,,576.3,576.3,576.3,64,456,14,2,11579696,9692832,801,544,1,15289,14981,20,9,859292,12,
new,1000,none,1,scroll_pages,21,2026-10-03T10:08:29.185Z,ok,0,,939,,,,,0,0,16038200,10930968,1185,788,3,45938,45012,60,3,45938,20,60
new,1000,none,1,scroll_all,21,2026-10-03T10:08:40.158Z,ok,0,,8989,,,,,0,0,25918692,12780268,942,633,45,684586,670723,896,45,684586,15,916
new,1000,none,1,filter_change,21,2026-10-03T10:08:42.015Z,ok,0,rows 12->12,81.7,,,,,0,0,14603812,11409644,904,620,1,15213,14905,20,1,15213,12,
new,1000,none,1,sort_change,21,2026-10-03T10:08:43.827Z,ok,0,rows 12->12,78.5,,,,,0,0,13746648,11250972,862,569,1,15201,14893,20,1,15201,12,
new,1000,none,1,initial_load,22,2026-10-03T10:08:45.998Z,ok,0,,595,595,595,72,452,28,2,11546384,9693188,801,544,1,15289,14981,20,9,859292,12,
new,1000,none,1,scroll_pages,22,2026-10-03T10:08:48.602Z,ok,0,,903.1,,,,,0,0,16090488,10929948,1185,788,3,45938,45012,60,3,45938,20,60
new,1000,none,1,scroll_all,22,2026-10-03T10:08:59.310Z,ok,0,,8707.2,,,,,0,0,30533812,12765944,942,633,45,684586,670723,896,45,684586,15,916
new,1000,none,1,filter_change,22,2026-10-03T10:09:01.185Z,ok,0,rows 12->12,78.2,,,,,0,0,14608160,11414700,904,620,1,15213,14905,20,1,15213,12,
new,1000,none,1,sort_change,22,2026-10-03T10:09:03.012Z,ok,0,rows 12->12,81.5,,,,,0,0,13769048,11256740,862,569,1,15201,14893,20,1,15201,12,
new,1000,none,1,initial_load,23,2026-10-03T10:09:05.155Z,ok,0,,575,575,575,68,492,16,2,11585308,9703208,801,544,1,15289,14981,20,9,859292,12,
new,1000,none,1,scroll_pages,23,2026-10-03T10:09:07.783Z,ok,0,,930.6,,,,,0,0,16088224,10944060,1185,788,3,45938,45012,60,3,45938,20,60
new,1000,none,1,scroll_all,23,2026-10-03T10:09:18.617Z,ok,0,,8781.5,,,,,0,0,22304600,12769536,942,633,45,684586,670723,896,45,684586,15,916
new,1000,none,1,filter_change,23,2026-10-03T10:09:20.489Z,ok,0,rows 12->12,80.2,,,,,0,0,14614424,11407344,904,620,1,15213,14905,20,1,15213,12,
new,1000,none,1,sort_change,23,2026-10-03T10:09:22.295Z,ok,0,rows 12->12,78,,,,,0,0,13772792,11250776,862,569,1,15201,14893,20,1,15201,12,
new,1000,none,1,initial_load,24,2026-10-03T10:09:24.443Z,ok,0,,577.3,577.3,577.3,64,504,20,2,11591200,9703316,801,544,1,15289,14981,20,9,859292,12,
new,1000,none,1,scroll_pages,24,2026-10-03T10:09:27.102Z,ok,0,,947.3,,,,,0,0,16039116,10915932,1185,788,3,45938,45012,60,3,45938,20,60
new,1000,none,1,scroll_all,24,2026-10-03T10:09:37.941Z,ok,0,,8855.6,,,,,0,0,13086780,12789240,942,633,45,684586,670723,896,45,684586,15,916
new,1000,none,1,filter_change,24,2026-10-03T10:09:39.758Z,ok,0,rows 12->12,75.6,,,,,0,0,14630220,11408980,904,620,1,15213,14905,20,1,15213,12,
new,1000,none,1,sort_change,24,2026-10-03T10:09:41.580Z,ok,0,rows 12->12,82.4,,,,,0,0,13751172,11260452,862,569,1,15201,14893,20,1,15201,12,
new,1000,none,1,initial_load,25,2026-10-03T10:09:43.735Z,ok,0,,587.2,587.2,587.2,80,456,23,2,11575460,9703492,801,544,1,15289,14981,20,9,859292,12,
new,1000,none,1,scroll_pages,25,2026-10-03T10:09:46.350Z,ok,0,,900.9,,,,,0,0,16053720,10915760,1185,788,3,45938,45012,60,3,45938,20,60
new,1000,none,1,scroll_all,25,2026-10-03T10:09:57.218Z,ok,0,,8875.6,,,,,0,0,21583816,12785284,942,633,45,684586,670723,896,45,684586,15,916
new,1000,none,1,filter_change,25,2026-10-03T10:09:59.057Z,ok,0,rows 12->12,79.2,,,,,0,0,14610912,11410176,904,620,1,15213,14905,20,1,15213,12,
new,1000,none,1,sort_change,25,2026-10-03T10:10:00.878Z,ok,0,rows 12->12,81.6,,,,,0,0,13716112,11254040,862,569,1,15201,14893,20,1,15201,12,
new,1000,none,1,initial_load,26,2026-10-03T10:10:03.030Z,ok,0,,580.6,580.6,580.6,80,460,19,2,11540044,9703456,801,544,1,15289,14981,20,9,859292,12,
new,1000,none,1,scroll_pages,26,2026-10-03T10:10:05.591Z,ok,0,,852.7,,,,,0,0,16099220,10916776,1185,788,3,45938,45012,60,3,45938,20,60
new,1000,none,1,scroll_all,26,2026-10-03T10:10:16.464Z,ok,0,,8859,,,,,0,0,38871680,12790600,942,633,45,684586,670723,896,45,684586,15,916
new,1000,none,1,filter_change,26,2026-10-03T10:10:18.306Z,ok,0,rows 12->12,78.3,,,,,0,0,14605824,11412924,904,620,1,15213,14905,20,1,15213,12,
new,1000,none,1,sort_change,26,2026-10-03T10:10:20.108Z,ok,0,rows 12->12,84.3,,,,,0,0,13765104,11256864,862,569,1,15201,14893,20,1,15201,12,
new,1000,none,1,initial_load,27,2026-10-03T10:10:22.249Z,ok,0,,569.3,569.3,569.3,68,756,10,2,11605628,9703916,801,544,1,15289,14981,20,9,859292,12,
new,1000,none,1,scroll_pages,27,2026-10-03T10:10:24.857Z,ok,0,,903.3,,,,,0,0,16114548,10924336,1185,788,3,45938,45012,60,3,45938,20,60
new,1000,none,1,scroll_all,27,2026-10-03T10:10:35.706Z,ok,0,,8851,,,,,0,0,30266496,12778060,942,633,45,684586,670723,896,45,684586,15,916
new,1000,none,1,filter_change,27,2026-10-03T10:10:37.576Z,ok,0,rows 12->12,79.7,,,,,0,0,14571240,11410844,904,620,1,15213,14905,20,1,15213,12,
new,1000,none,1,sort_change,27,2026-10-03T10:10:39.368Z,ok,0,rows 12->12,77.3,,,,,0,0,13731776,11260268,862,569,1,15201,14893,20,1,15201,12,
new,1000,none,1,initial_load,28,2026-10-03T10:10:41.522Z,ok,0,,579.3,579.3,579.3,64,488,19,2,11575080,9703648,801,544,1,15289,14981,20,9,859292,12,
new,1000,none,1,scroll_pages,28,2026-10-03T10:10:44.110Z,ok,0,,884,,,,,0,0,16055628,10916372,1185,788,3,45938,45012,60,3,45938,20,60
new,1000,none,1,scroll_all,28,2026-10-03T10:10:54.966Z,ok,0,,8864,,,,,0,0,28492384,12778476,942,633,45,684586,670723,896,45,684586,15,916
new,1000,none,1,filter_change,28,2026-10-03T10:10:56.858Z,ok,0,rows 12->12,78,,,,,0,0,14619112,11407760,904,620,1,15213,14905,20,1,15213,12,
new,1000,none,1,sort_change,28,2026-10-03T10:10:58.670Z,ok,0,rows 12->12,77.6,,,,,0,0,13716628,11262912,862,569,1,15201,14893,20,1,15201,12,
new,1000,none,1,initial_load,29,2026-10-03T10:11:00.818Z,ok,0,,573.9,573.9,573.9,80,448,22,2,11551984,9703384,801,544,1,15289,14981,20,9,859291,12,
new,1000,none,1,scroll_pages,29,2026-10-03T10:11:03.424Z,ok,0,,897.6,,,,,0,0,16085172,10915612,1185,788,3,45938,45012,60,3,45938,20,60
new,1000,none,1,scroll_all,29,2026-10-03T10:11:14.292Z,ok,0,,8867.6,,,,,0,0,17321596,12788944,942,633,45,684586,670723,896,45,684586,15,916
new,1000,none,1,filter_change,29,2026-10-03T10:11:16.154Z,ok,0,rows 12->12,79.7,,,,,0,0,14610788,11408528,904,620,1,15213,14905,20,1,15213,12,
new,1000,none,1,sort_change,29,2026-10-03T10:11:17.976Z,ok,0,rows 12->12,84.5,,,,,0,0,13823976,11255436,862,569,1,15201,14893,20,1,15201,12,
new,1000,none,1,initial_load,30,2026-10-03T10:11:20.125Z,ok,0,,574.6,574.6,574.6,64,732,18,2,11559668,9692704,801,544,1,15289,14981,20,9,859291,12,
new,1000,none,1,scroll_pages,30,2026-10-03T10:11:22.702Z,ok,0,,874.1,,,,,0,0,16062780,10923408,1185,788,3,45938,45012,60,3,45938,20,60
new,1000,none,1,scroll_all,30,2026-10-03T10:11:33.785Z,ok,0,,9112.7,,,,,0,0,15293812,12774048,942,633,45,684586,670723,896,45,684586,15,916
new,1000,none,1,filter_change,30,2026-10-03T10:11:35.650Z,ok,0,rows 12->12,83.4,,,,,0,0,14573144,11408196,904,620,1,15213,14905,20,1,15213,12,
new,1000,none,1,sort_change,30,2026-10-03T10:11:37.461Z,ok,0,rows 12->12,86.9,,,,,0,0,13785740,11267372,862,569,1,15201,14893,20,1,15201,12,
new,3000,none,1,initial_load,1,2026-10-03T10:13:55.705Z,ok,0,,567.7,567.7,567.7,68,732,15,2,11569444,9678376,791,538,1,15366,15057,20,9,859369,12,
new,3000,none,1,scroll_pages,1,2026-10-03T10:13:58.291Z,ok,0,,885.4,,,,,0,0,16896328,10975676,1190,791,3,45920,44994,60,3,45920,20,60
new,3000,none,1,scroll_all,1,2026-10-03T10:14:26.950Z,ok,0,,26639,,,,,0,0,21045988,15312820,937,630,137,2092459,2050215,2734,137,2092459,15,2754
new,3000,none,1,filter_change,1,2026-10-03T10:14:28.819Z,ok,0,rows 12->12,78.6,,,,,0,0,14550380,11410576,904,620,1,15290,14982,20,1,15290,12,
new,3000,none,1,sort_change,1,2026-10-03T10:14:30.651Z,ok,0,rows 12->12,84.2,,,,,0,0,13726124,11237428,847,560,1,15241,14933,20,1,15241,12,
new,3000,none,1,initial_load,2,2026-10-03T10:14:32.806Z,ok,0,,584.3,584.3,584.3,64,464,25,2,11569020,9678044,791,538,1,15366,15057,20,9,859369,12,
new,3000,none,1,scroll_pages,2,2026-10-03T10:14:35.405Z,ok,0,,896.6,,,,,0,0,16900120,10965400,1190,791,3,45920,44994,60,3,45920,20,60
new,3000,none,1,scroll_all,2,2026-10-03T10:15:04.094Z,ok,0,,26575.6,,,,,0,0,25895640,15304504,937,630,137,2092459,2050215,2734,137,2092459,15,2754
new,3000,none,1,filter_change,2,2026-10-03T10:15:05.917Z,ok,0,rows 12->12,77.6,,,,,0,0,14608328,11414060,904,620,1,15290,14982,20,1,15290,12,
new,3000,none,1,sort_change,2,2026-10-03T10:15:07.768Z,ok,0,rows 12->12,85,,,,,0,0,13702488,11230924,847,560,1,15241,14933,20,1,15241,12,
new,3000,none,1,initial_load,3,2026-10-03T10:15:09.903Z,ok,0,,564.4,564.4,564.4,76,708,14,2,11557304,9684972,791,538,1,15366,15057,20,9,859369,12,
new,3000,none,1,scroll_pages,3,2026-10-03T10:15:12.480Z,ok,0,,877.2,,,,,0,0,16853116,10965392,1190,791,3,45920,44994,60,3,45920,20,60
new,3000,none,1,scroll_all,3,2026-10-03T10:15:41.605Z,ok,0,,27098.1,,,,,0,0,39445756,15291936,937,630,137,2092459,2050215,2734,137,2092459,15,2754
new,3000,none,1,filter_change,3,2026-10-03T10:15:43.463Z,ok,0,rows 12->12,77.1,,,,,0,0,14650228,11410560,904,620,1,15290,14982,20,1,15290,12,
new,3000,none,1,sort_change,3,2026-10-03T10:15:45.293Z,ok,0,rows 12->12,83.1,,,,,0,0,13741264,11237552,847,560,1,15241,14933,20,1,15241,12,
new,3000,none,1,initial_load,4,2026-10-03T10:15:47.429Z,ok,0,,566.1,566.1,566.1,64,452,8,2,11586188,9678292,791,538,1,15366,15057,20,9,859369,12,
new,3000,none,1,scroll_pages,4,2026-10-03T10:15:49.999Z,ok,0,,857.3,,,,,0,0,16875684,10974628,1190,791,3,45920,44994,60,3,45920,20,60
new,3000,none,1,scroll_all,4,2026-10-03T10:16:18.951Z,ok,0,,26928,,,,,0,0,42520100,15279272,937,630,137,2092459,2050215,2734,137,2092459,15,2754
new,3000,none,1,filter_change,4,2026-10-03T10:16:20.815Z,ok,0,rows 12->12,78.7,,,,,0,0,14595488,11410000,904,620,1,15290,14982,20,1,15290,12,
new,3000,none,1,sort_change,4,2026-10-03T10:16:22.639Z,ok,0,rows 12->12,83.9,,,,,0,0,13680292,11243560,847,560,1,15241,14933,20,1,15241,12,
new,3000,none,1,initial_load,5,2026-10-03T10:16:24.782Z,ok,0,,572.9,572.9,572.9,64,764,13,2,11539792,9684680,791,538,1,15366,15057,20,9,859369,12,
new,3000,none,1,scroll_pages,5,2026-10-03T10:16:27.416Z,ok,0,,934.9,,,,,0,0,17824468,11001440,1195,794,3,45920,44994,60,3,45920,20,63
new,3000,none,1,scroll_all,5,2026-10-03T10:16:56.770Z,ok,0,,27334.5,,,,,0,0,23190644,15301572,937,630,137,2092459,2050215,2734,137,2092459,15,2754
new,3000,none,1,filter_change,5,2026-10-03T10:16:58.625Z,ok,0,rows 12->12,80.2,,,,,0,0,13817720,11405560,904,620,1,15290,14982,20,1,15290,12,
new,3000,none,1,sort_change,5,2026-10-03T10:17:00.452Z,ok,0,rows 12->12,81.1,,,,,0,0,13745700,11239060,847,560,1,15241,14933,20,1,15241,12,
new,3000,none,1,initial_load,6,2026-10-03T10:17:02.593Z,ok,0,,569.7,569.7,569.7,64,460,14,2,11563336,9677388,791,538,1,15366,15057,20,9,859369,12,
new,3000,none,1,scroll_pages,6,2026-10-03T10:17:05.190Z,ok,0,,906.6,,,,,0,0,16893984,10972384,1190,791,3,45920,44994,60,3,45920,20,60
new,3000,none,1,scroll_all,6,2026-10-03T10:17:34.497Z,ok,0,,27227.6,,,,,0,0,33568832,15304700,937,630,137,2092459,2050215,2734,137,2092459,15,2754
new,3000,none,1,filter_change,6,2026-10-03T10:17:36.350Z,ok,0,rows 12->12,77.6,,,,,0,0,14584088,11410808,904,620,1,15290,14982,20,1,15290,12,
new,3000,none,1,sort_change,6,2026-10-03T10:17:38.185Z,ok,0,rows 12->12,82.2,,,,,0,0,13726096,11237292,847,560,1,15241,14933,20,1,15241,12,
new,3000,none,1,initial_load,7,2026-10-03T10:17:40.331Z,ok,0,,574.7,574.7,574.7,64,476,18,2,11561136,9689608,791,538,1,15366,15057,20,9,859369,12,
new,3000,none,1,scroll_pages,7,2026-10-03T10:17:42.938Z,ok,0,,900,,,,,0,0,16901136,10972140,1190,791,3,45920,44994,60,3,45920,20,60
new,3000,none,1,scroll_all,7,2026-10-03T10:18:11.911Z,ok,0,,26960.7,,,,,0,0,42495308,15306676,937,630,137,2092459,2050215,2734,137,2092459,15,2754
new,3000,none,1,filter_change,7,2026-10-03T10:18:13.711Z,ok,0,rows 12->12,71,,,,,0,0,14606092,11412396,904,620,1,15290,14982,20,1,15290,12,
new,3000,none,1,sort_change,7,2026-10-03T10:18:15.529Z,ok,0,rows 12->12,83.4,,,,,0,0,13687164,11237500,847,560,1,15241,14933,20,1,15241,12,
new,3000,none,1,initial_load,8,2026-10-03T10:18:17.664Z,ok,0,,562.1,562.1,562.1,64,456,9,2,11541720,9678264,791,538,1,15366,15057,20,9,859369,12,
new,3000,none,1,scroll_pages,8,2026-10-03T10:18:20.257Z,ok,0,,899.4,,,,,0,0,16974448,10977628,1190,791,3,45920,44994,60,3,45920,20,60
new,3000,none,1,scroll_all,8,2026-10-03T10:18:49.521Z,ok,0,,27294,,,,,0,0,20574624,15305244,937,630,137,2092459,2050215,2734,137,2092459,15,2754
new,3000,none,1,filter_change,8,2026-10-03T10:18:51.325Z,ok,0,rows 12->12,73.6,,,,,0,0,14636196,11411580,904,620,1,15290,14982,20,1,15290,12,
new,3000,none,1,sort_change,8,2026-10-03T10:18:53.145Z,ok,0,rows 12->12,81.2,,,,,0,0,13690320,11231116,847,560,1,15241,14933,20,1,15241,12,
new,3000,none,1,initial_load,9,2026-10-03T10:18:55.290Z,ok,0,,575.6,575.6,575.6,64,496,22,2,11526752,9689464,791,538,1,15366,15057,20,9,859369,12,
new,3000,none,1,scroll_pages,9,2026-10-03T10:18:57.887Z,ok,0,,896.2,,,,,0,0,16869828,10959068,1190,791,3,45920,44994,60,3,45920,20,60
new,3000,none,1,scroll_all,9,2026-10-03T10:19:26.883Z,ok,0,,26991.3,,,,,0,0,37042120,15333068,937,630,137,2092459,2050215,2734,137,2092459,15,2754
new,3000,none,1,filter_change,9,2026-10-03T10:19:28.692Z,ok,0,rows 12->12,75.6,,,,,0,0,13808320,11411164,904,620,1,15290,14982,20,1,15290,12,
new,3000,none,1,sort_change,9,2026-10-03T10:19:30.506Z,ok,0,rows 12->12,81.5,,,,,0,0,13656272,11234404,847,560,1,15241,14933,20,1,15241,12,
new,3000,none,1,initial_load,10,2026-10-03T10:19:32.637Z,ok,0,,564.3,564.3,564.3,72,504,13,2,11585956,9678220,791,538,1,15366,15057,20,9,859369,12,
new,3000,none,1,scroll_pages,10,2026-10-03T10:19:35.192Z,ok,0,,868.7,,,,,0,0,16893628,10965508,1190,791,3,45920,44994,60,3,45920,20,60
new,3000,none,1,scroll_all,10,2026-10-03T10:20:04.500Z,ok,0,,27285.6,,,,,0,0,26135708,15298624,937,630,137,2092459,2050215,2734,137,2092459,15,2754
new,3000,none,1,filter_change,10,2026-10-03T10:20:06.303Z,ok,0,rows 12->12,73.3,,,,,0,0,14607048,11413696,904,620,1,15290,14982,20,1,15290,12,
new,3000,none,1,sort_change,10,2026-10-03T10:20:08.136Z,ok,0,rows 12->12,84,,,,,0,0,13724708,11231112,847,560,1,15241,14933,20,1,15241,12,
new,3000,none,1,initial_load,11,2026-10-03T10:20:10.290Z,ok,0,,585.1,585.1,585.1,80,760,19,2,11559976,9678220,791,538,1,15366,15057,20,9,859369,12,
new,3000,none,1,scroll_pages,11,2026-10-03T10:20:12.876Z,ok,0,,897.9,,,,,0,0,16929956,10972364,1190,791,3,45920,44994,60,3,45920,20,60
new,3000,none,1,scroll_all,11,2026-10-03T10:20:42.027Z,ok,0,,27181.9,,,,,0,0,17226564,15306760,937,630,137,2092459,2050215,2734,137,2092459,15,2754
new,3000,none,1,filter_change,11,2026-10-03T10:20:43.869Z,ok,0,rows 12->12,79.5,,,,,0,0,13799200,11410152,904,620,1,15290,14982,20,1,15290,12,
new,3000,none,1,sort_change,11,2026-10-03T10:20:45.682Z,ok,0,rows 12->12,81.5,,,,,0,0,13654520,11230820,847,560,1,15241,14933,20,1,15241,12,
new,3000,none,1,initial_load,12,2026-10-03T10:20:47.813Z,ok,0,,563,563,563,68,460,12,3,11519744,9677940,791,538,1,15366,15057,20,9,859369,12,
new,3000,none,1,scroll_pages,12,2026-10-03T10:20:50.388Z,ok,0,,888.5,,,,,0,0,16902400,10970864,1190,791,3,45920,44994,60,3,45920,20,60
new,3000,none,1,scroll_all,12,2026-10-03T10:21:19.346Z,ok,0,,26902.7,,,,,0,0,36549312,15296716,937,630,137,2092459,2050215,2734,137,2092459,15,2754
new,3000,none,1,filter_change,12,2026-10-03T10:21:21.135Z,ok,0,rows 12->12,74.1,,,,,0,0,14598876,11409656,904,620,1,15290,14982,20,1,15290,12,
new,3000,none,1,sort_change,12,2026-10-03T10:21:22.964Z,ok,0,rows 12->12,84.7,,,,,0,0,13685040,11232604,847,560,1,15241,14933,20,1,15241,12,
new,3000,none,1,initial_load,13,2026-10-03T10:21:25.098Z,ok,0,,566.4,566.4,566.4,64,720,14,2,11539096,9678256,791,538,1,15366,15057,20,9,859369,12,
new,3000,none,1,scroll_pages,13,2026-10-03T10:21:27.704Z,ok,0,,911,,,,,0,0,16948416,10976884,1190,791,3,45920,44994,60,3,45920,20,60
new,3000,none,1,scroll_all,13,2026-10-03T10:21:57.195Z,ok,0,,27471.7,,,,,0,0,41978112,15302824,937,630,137,2092459,2050215,2734,137,2092459,15,2754
new,3000,none,1,filter_change,13,2026-10-03T10:21:59.034Z,ok,0,rows 12->12,79.6,,,,,0,0,14624792,11416944,904,620,1,15290,14982,20,1,15290,12,
new,3000,none,1,sort_change,13,2026-10-03T10:22:00.866Z,ok,0,rows 12->12,80.7,,,,,0,0,13661700,11234380,847,560,1,15241,14933,20,1,15241,12,
new,3000,none,1,initial_load,14,2026-10-03T10:22:03.062Z,ok,0,,567.8,567.8,567.8,76,812,15,2,11564244,9696256,791,538,1,15366,15057,20,9,859369,12,
new,3000,none,1,scroll_pages,14,2026-10-03T10:22:05.688Z,ok,0,,931.9,,,,,0,0,16899928,10971164,1190,791,3,45920,44994,60,3,45920,20,60
new,3000,none,1,scroll_all,14,2026-10-03T10:22:34.734Z,ok,0,,26966.3,,,,,0,0,27124744,15320744,937,630,137,2092459,2050215,2734,137,2092459,15,2754
new,3000,none,1,filter_change,14,2026-10-03T10:22:36.540Z,ok,0,rows 12->12,74.7,,,,,0,0,14606196,11414292,904,620,1,15290,14982,20,1,15290,12,
new,3000,none,1,sort_change,14,2026-10-03T10:22:38.357Z,ok,0,rows 12->12,85.4,,,,,0,0,13654308,11230980,847,560,1,15241,14933,20,1,15241,12,
new,3000,none,1,initial_load,15,2026-10-03T10:22:40.489Z,ok,0,,568.4,568.4,568.4,60,772,15,2,11567056,9678588,791,538,1,15366,15057,20,9,859369,12,
new,3000,none,1,scroll_pages,15,2026-10-03T10:22:43.040Z,ok,0,,871.3,,,,,0,0,16901824,10970932,1190,791,3,45920,44994,60,3,45920,20,60
new,3000,none,1,scroll_all,15,2026-10-03T10:23:12.051Z,ok,0,,26906.8,,,,,0,0,39316672,15326488,937,630,137,2092459,2050215,2734,137,2092459,15,2754
new,3000,none,1,filter_change,15,2026-10-03T10:23:13.912Z,ok,0,rows 12->12,80.1,,,,,0,0,14570892,11413572,904,620,1,15290,14982,20,1,15290,12,
new,3000,none,1,sort_change,15,2026-10-03T10:23:15.737Z,ok,0,rows 12->12,83.7,,,,,0,0,13653744,11240776,847,560,1,15241,14933,20,1,15241,12,
new,3000,none,1,initial_load,16,2026-10-03T10:23:17.885Z,ok,0,,574.2,574.2,574.2,64,460,21,2,11532716,9678008,791,538,1,15366,15057,20,9,859369,12,
new,3000,none,1,scroll_pages,16,2026-10-03T10:23:20.464Z,ok,0,,895.1,,,,,0,0,16922260,10971580,1190,791,3,45920,44994,60,3,45920,20,60
new,3000,none,1,scroll_all,16,2026-10-03T10:23:49.673Z,ok,0,,27191.6,,,,,0,0,39302136,15310616,937,630,137,2092459,2050215,2734,137,2092459,15,2754
new,3000,none,1,filter_change,16,2026-10-03T10:23:51.520Z,ok,0,rows 12->12,78.2,,,,,0,0,14635576,11415172,904,620,1,15290,14982,20,1,15290,12,
new,3000,none,1,sort_change,16,2026-10-03T10:23:53.368Z,ok,0,rows 12->12,81.3,,,,,0,0,13724652,11234864,847,560,1,15241,14933,20,1,15241,12,
new,3000,none,1,initial_load,17,2026-10-03T10:23:55.506Z,ok,0,,566.7,566.7,566.7,60,460,17,2,11530464,9677980,791,538,1,15366,15057,20,9,859369,12,
new,3000,none,1,scroll_pages,17,2026-10-03T10:23:58.153Z,ok,0,,1003,,,,,0,0,17032568,11006648,1195,794,3,45920,44994,60,3,45920,20,63
new,3000,none,1,scroll_all,17,2026-10-03T10:24:27.179Z,ok,0,,26915,,,,,0,0,39591064,15290664,937,630,137,2092459,2050215,2734,137,2092459,15,2754
new,3000,none,1,filter_change,17,2026-10-03T10:24:28.987Z,ok,0,rows 12->12,75.1,,,,,0,0,14623300,11414400,904,620,1,15290,14982,20,1,15290,12,
new,3000,none,1,sort_change,17,2026-10-03T10:24:30.816Z,ok,0,rows 12->12,85.4,,,,,0,0,13676880,11237304,847,560,1,15241,14933,20,1,15241,12,
new,3000,none,1,initial_load,18,2026-10-03T10:24:32.953Z,ok,0,,565.3,565.3,565.3,64,528,12,2,11559252,9684460,791,538,1,15366,15057,20,9,859369,12,
new,3000,none,1,scroll_pages,18,2026-10-03T10:24:35.524Z,ok,0,,929.4,,,,,0,0,17093572,11008580,1195,794,3,45920,44994,60,3,45920,20,63
new,3000,none,1,scroll_all,18,2026-10-03T10:25:04.851Z,ok,0,,27290.4,,,,,0,0,27666776,15325456,937,630,137,2092459,2050215,2734,137,2092459,15,2754
new,3000,none,1,filter_change,18,2026-10-03T10:25:06.661Z,ok,0,rows 12->12,74.6,,,,,0,0,14608252,11410616,904,620,1,15290,14982,20,1,15290,12,
new,3000,none,1,sort_change,18,2026-10-03T10:25:08.479Z,ok,0,rows 12->12,82.1,,,,,0,0,13647400,11230928,847,560,1,15241,14933,20,1,15241,12,
new,3000,none,1,initial_load,19,2026-10-03T10:25:10.621Z,ok,0,,566.5,566.5,566.5,64,472,16,2,11530228,9678296,791,538,1,15366,15057,20,9,859369,12,
new,3000,none,1,scroll_pages,19,2026-10-03T10:25:13.200Z,ok,0,,887.4,,,,,0,0,16840712,10964620,1190,791,3,45920,44994,60,3,45920,20,60
new,3000,none,1,scroll_all,19,2026-10-03T10:25:42.476Z,ok,0,,27270,,,,,0,0,21874448,15295392,937,630,137,2092459,2050215,2734,137,2092459,15,2754
new,3000,none,1,filter_change,19,2026-10-03T10:25:44.294Z,ok,0,rows 12->12,74.9,,,,,0,0,13832984,11411892,904,620,1,15290,14982,20,1,15290,12,
new,3000,none,1,sort_change,19,2026-10-03T10:25:46.126Z,ok,0,rows 12->12,86.5,,,,,0,0,13638544,11229784,847,560,1,15241,14933,20,1,15241,12,
new,3000,none,1,initial_load,20,2026-10-03T10:25:48.259Z,ok,0,,565.9,565.9,565.9,64,704,14,2,11535908,9678244,791,538,1,15366,15057,20,9,859369,12,
new,3000,none,1,scroll_pages,20,2026-10-03T10:25:50.882Z,ok,0,,914.7,,,,,0,0,16879600,10964928,1190,791,3,45920,44994,60,3,45920,20,60
new,3000,none,1,scroll_all,20,2026-10-03T10:26:19.907Z,ok,0,,26959.3,,,,,0,0,31803544,15334248,937,630,137,2092459,2050215,2734,137,2092459,15,2754
new,3000,none,1,filter_change,20,2026-10-03T10:26:21.692Z,ok,0,rows 12->12,74,,,,,0,0,14600840,11414236,904,620,1,15290,14982,20,1,15290,12,
new,3000,none,1,sort_change,20,2026-10-03T10:26:23.503Z,ok,0,rows 12->12,79.4,,,,,0,0,13650536,11230852,847,560,1,15241,14933,20,1,15241,12,
new,3000,none,1,initial_load,21,2026-10-03T10:26:25.640Z,ok,0,,564.9,564.9,564.9,72,460,12,2,11550640,9696336,791,538,1,15366,15057,20,9,859369,12,
new,3000,none,1,scroll_pages,21,2026-10-03T10:26:28.231Z,ok,0,,901.9,,,,,0,0,16888332,10964408,1190,791,3,45920,44994,60,3,45920,20,60
new,3000,none,1,scroll_all,21,2026-10-03T10:26:57.113Z,ok,0,,26779.6,,,,,0,0,38951708,15298408,937,630,137,2092459,2050215,2734,137,2092459,15,2754
new,3000,none,1,filter_change,21,2026-10-03T10:26:58.958Z,ok,0,rows 12->12,76.8,,,,,0,0,13838780,11415880,904,620,1,15290,14982,20,1,15290,12,
new,3000,none,1,sort_change,21,2026-10-03T10:27:00.768Z,ok,0,rows 12->12,79,,,,,0,0,13736712,11238952,847,560,1,15241,14933,20,1,15241,12,
new,3000,none,1,initial_load,22,2026-10-03T10:27:02.903Z,ok,0,,561.9,561.9,561.9,64,456,8,2,11543252,9678016,791,538,1,15366,15057,20,9,859369,12,
new,3000,none,1,scroll_pages,22,2026-10-03T10:27:05.513Z,ok,0,,917.1,,,,,0,0,16875280,10970780,1190,791,3,45920,44994,60,3,45920,20,60
new,3000,none,1,scroll_all,22,2026-10-03T10:27:34.478Z,ok,0,,26911.6,,,,,0,0,15911992,15305604,937,630,137,2092459,2050215,2734,137,2092459,15,2754
new,3000,none,1,filter_change,22,2026-10-03T10:27:36.334Z,ok,0,rows 12->12,87.3,,,,,0,0,14643704,11412676,904,620,1,15290,14982,20,1,15290,12,
new,3000,none,1,sort_change,22,2026-10-03T10:27:38.148Z,ok,0,rows 12->12,86.6,,,,,0,0,13685204,11232460,847,560,1,15241,14933,20,1,15241,12,
new,3000,none,1,initial_load,23,2026-10-03T10:27:40.287Z,ok,0,,570.9,570.9,570.9,72,724,16,2,11539512,9678208,791,538,1,15366,15057,20,9,859369,12,
new,3000,none,1,scroll_pages,23,2026-10-03T10:27:42.941Z,ok,0,,956.8,,,,,0,0,16924160,10977256,1190,791,3,45920,44994,60,3,45920,20,60
new,3000,none,1,scroll_all,23,2026-10-03T10:28:12.333Z,ok,0,,27358.9,,,,,0,0,41916520,15296132,937,630,137,2092459,2050215,2734,137,2092459,15,2754
new,3000,none,1,filter_change,23,2026-10-03T10:28:14.131Z,ok,0,rows 12->12,77.4,,,,,0,0,13826388,11414700,904,620,1,15290,14982,20,1,15290,12,
new,3000,none,1,sort_change,23,2026-10-03T10:28:15.962Z,ok,0,rows 12->12,83.5,,,,,0,0,13652260,11237220,847,560,1,15241,14933,20,1,15241,12,
new,3000,none,1,initial_load,24,2026-10-03T10:28:18.108Z,ok,0,,575.3,575.3,575.3,76,720,16,2,11575108,9693012,791,538,1,15366,15057,20,9,859369,12,
new,3000,none,1,scroll_pages,24,2026-10-03T10:28:20.712Z,ok,0,,906.3,,,,,0,0,16892608,10964348,1190,791,3,45920,44994,60,3,45920,20,60
new,3000,none,1,scroll_all,24,2026-10-03T10:28:49.567Z,ok,0,,26784.7,,,,,0,0,41390948,15338476,937,630,137,2092459,2050215,2734,137,2092459,15,2754
new,3000,none,1,filter_change,24,2026-10-03T10:28:51.414Z,ok,0,rows 12->12,77,,,,,0,0,14613080,11416188,904,620,1,15290,14982,20,1,15290,12,
new,3000,none,1,sort_change,24,2026-10-03T10:28:53.243Z,ok,0,rows 12->12,81.7,,,,,0,0,13687628,11231044,847,560,1,15241,14933,20,1,15241,12,
new,3000,none,1,initial_load,25,2026-10-03T10:28:55.387Z,ok,0,,572.8,572.8,572.8,64,460,19,2,11507460,9677548,791,538,1,15366,15057,20,9,859369,12,
new,3000,none,1,scroll_pages,25,2026-10-03T10:28:57.966Z,ok,0,,885.5,,,,,0,0,16916368,10964560,1190,791,3,45920,44994,60,3,45920,20,60
new,3000,none,1,scroll_all,25,2026-10-03T10:29:26.534Z,ok,0,,26543.1,,,,,0,0,34846692,15287288,937,630,137,2092459,2050215,2734,137,2092459,15,2754
new,3000,none,1,filter_change,25,2026-10-03T10:29:28.377Z,ok,0,rows 12->12,79.9,,,,,0,0,13846740,11411060,904,620,1,15290,14982,20,1,15290,12,
new,3000,none,1,sort_change,25,2026-10-03T10:29:30.206Z,ok,0,rows 12->12,83.4,,,,,0,0,13735824,11234836,847,560,1,15241,14933,20,1,15241,12,
new,3000,none,1,initial_load,26,2026-10-03T10:29:32.351Z,ok,0,,573.6,573.6,573.6,72,460,15,2,11557552,9677972,791,538,1,15366,15057,20,9,859369,12,
new,3000,none,1,scroll_pages,26,2026-10-03T10:29:34.998Z,ok,0,,949.1,,,,,0,0,16899784,10970484,1190,791,3,45920,44994,60,3,45920,20,60
new,3000,none,1,scroll_all,26,2026-10-03T10:30:03.795Z,ok,0,,26788.1,,,,,0,0,31206036,15298092,937,630,137,2092459,2050215,2734,137,2092459,15,2754
new,3000,none,1,filter_change,26,2026-10-03T10:30:05.574Z,ok,0,rows 12->12,74.2,,,,,0,0,14601716,11411472,904,620,1,15290,14982,20,1,15290,12,
new,3000,none,1,sort_change,26,2026-10-03T10:30:07.402Z,ok,0,rows 12->12,82.6,,,,,0,0,13632376,11230680,847,560,1,15241,14933,20,1,15241,12,
new,3000,none,1,initial_load,27,2026-10-03T10:30:09.540Z,ok,0,,563,563,563,64,532,12,2,11532496,9678192,791,538,1,15366,15057,20,9,859369,12,
new,3000,none,1,scroll_pages,27,2026-10-03T10:30:12.167Z,ok,0,,930.8,,,,,0,0,16853664,10971972,1190,791,3,45920,44994,60,3,45920,20,60
new,3000,none,1,scroll_all,27,2026-10-03T10:30:41.158Z,ok,0,,26969.4,,,,,0,0,28559996,15278976,937,630,137,2092459,2050215,2734,137,2092459,15,2754
new,3000,none,1,filter_change,27,2026-10-03T10:30:43.003Z,ok,0,rows 12->12,76.6,,,,,0,0,13857724,11412080,904,620,1,15290,14982,20,1,15290,12,
new,3000,none,1,sort_change,27,2026-10-03T10:30:44.833Z,ok,0,rows 12->12,82.8,,,,,0,0,13654232,11238056,847,560,1,15241,14933,20,1,15241,12,
new,3000,none,1,initial_load,28,2026-10-03T10:30:46.973Z,ok,0,,566.5,566.5,566.5,72,480,12,2,11540296,9684596,791,538,1,15366,15057,20,9,859369,12,
new,3000,none,1,scroll_pages,28,2026-10-03T10:30:49.562Z,ok,0,,896.1,,,,,0,0,16892188,10972856,1190,791,3,45920,44994,60,3,45920,20,60
new,3000,none,1,scroll_all,28,2026-10-03T10:31:18.375Z,ok,0,,26836.3,,,,,0,0,16140284,15335204,937,630,137,2092459,2050215,2734,137,2092459,15,2754
new,3000,none,1,filter_change,28,2026-10-03T10:31:20.216Z,ok,0,rows 12->12,76.9,,,,,0,0,14605608,11413264,904,620,1,15290,14982,20,1,15290,12,
new,3000,none,1,sort_change,28,2026-10-03T10:31:22.049Z,ok,0,rows 12->12,82.7,,,,,0,0,13646952,11231776,847,560,1,15241,14933,20,1,15241,12,
new,3000,none,1,initial_load,29,2026-10-03T10:31:24.200Z,ok,0,,579.8,579.8,579.8,64,464,18,2,11575592,9678296,791,538,1,15366,15057,20,9,859369,12,
new,3000,none,1,scroll_pages,29,2026-10-03T10:31:26.823Z,ok,0,,926.2,,,,,0,0,16957492,10970524,1190,791,3,45920,44994,60,3,45920,20,60
new,3000,none,1,scroll_all,29,2026-10-03T10:31:55.446Z,ok,0,,26459.8,,,,,0,0,34374616,15313484,937,630,137,2092459,2050215,2734,137,2092459,15,2754
new,3000,none,1,filter_change,29,2026-10-03T10:31:57.253Z,ok,0,rows 12->12,79,,,,,0,0,13804724,11414776,904,620,1,15290,14982,20,1,15290,12,
new,3000,none,1,sort_change,29,2026-10-03T10:31:59.081Z,ok,0,rows 12->12,81.7,,,,,0,0,13671668,11239388,847,560,1,15241,14933,20,1,15241,12,
new,3000,none,1,initial_load,30,2026-10-03T10:32:01.217Z,ok,0,,567,567,567,64,740,14,2,11526824,9678196,791,538,1,15366,15057,20,9,859369,12,
new,3000,none,1,scroll_pages,30,2026-10-03T10:32:03.944Z,ok,0,,985.1,,,,,0,0,16949912,10971116,1190,791,3,45920,44994,60,3,45920,20,60
new,3000,none,1,scroll_all,30,2026-10-03T10:32:32.941Z,ok,0,,27011.9,,,,,0,0,20604532,15349684,937,630,137,2092459,2050215,2734,137,2092459,15,2754
new,3000,none,1,filter_change,30,2026-10-03T10:32:34.781Z,ok,0,rows 12->12,80.5,,,,,0,0,14638144,11414048,904,620,1,15290,14982,20,1,15290,12,
new,3000,none,1,sort_change,30,2026-10-03T10:32:36.596Z,ok,0,rows 12->12,80.3,,,,,0,0,13662356,11237260,847,560,1,15241,14933,20,1,15241,12,
new,10000,none,1,initial_load,1,2026-10-03T10:38:33.085Z,ok,0,,564,564,564,64,708,15,2,11549624,9680328,796,541,1,15331,15022,20,9,859334,12,
new,10000,none,1,scroll_pages,1,2026-10-03T10:38:35.678Z,ok,0,,953,,,,,0,0,18134004,11078852,1259,834,3,45841,44917,60,3,45841,21,63
new,10000,none,1,scroll_all,1,2026-10-03T10:40:09.616Z,ok,0,,91855.8,,,,,0,0,55335912,23254748,942,633,459,7021101,6879522,9169,460,7021558,15,9189
new,10000,none,1,filter_change,1,2026-10-03T10:40:11.423Z,ok,0,rows 12->12,75.2,,,,,0,0,14537984,11406344,904,620,1,15263,14955,20,1,15263,12,
new,10000,none,1,sort_change,1,2026-10-03T10:40:13.256Z,ok,0,rows 12->12,86.9,,,,,0,0,13740344,11245168,857,566,1,15175,14867,20,1,15175,12,
new,10000,none,1,initial_load,2,2026-10-03T10:40:15.393Z,ok,0,,564.9,564.9,564.9,64,700,13,2,11560648,9680452,796,541,1,15331,15022,20,9,859334,12,
new,10000,none,1,scroll_pages,2,2026-10-03T10:40:18.070Z,ok,0,,986.9,,,,,0,0,17313080,11084816,1259,834,3,45841,44917,60,3,45841,21,63
new,10000,none,1,scroll_all,2,2026-10-03T10:41:51.667Z,ok,0,,91435.9,,,,,0,0,64902308,23293792,942,633,459,7021101,6879522,9169,460,7021558,15,9189
new,10000,none,1,filter_change,2,2026-10-03T10:41:53.482Z,ok,0,rows 12->12,72.3,,,,,0,0,14533324,11406336,904,620,1,15263,14955,20,1,15263,12,
new,10000,none,1,sort_change,2,2026-10-03T10:41:55.299Z,ok,0,rows 12->12,89.2,,,,,0,0,13699868,11246664,857,566,1,15175,14867,20,1,15175,12,
new,10000,none,1,initial_load,3,2026-10-03T10:41:57.439Z,ok,0,,568.4,568.4,568.4,64,492,16,2,11579644,9680364,796,541,1,15331,15022,20,9,859334,12,
new,10000,none,1,scroll_pages,3,2026-10-03T10:42:00.073Z,ok,0,,994.4,,,,,0,0,17318268,11085304,1259,834,3,45841,44917,60,3,45841,21,63
new,10000,none,1,scroll_all,3,2026-10-03T10:43:33.690Z,ok,0,,91456.1,,,,,0,0,64038836,23285960,942,633,459,7021101,6879522,9169,460,7021558,15,9189
new,10000,none,1,filter_change,3,2026-10-03T10:43:35.572Z,ok,0,rows 12->12,73,,,,,0,0,14508708,11411560,904,620,1,15263,14955,20,1,15263,12,
new,10000,none,1,sort_change,3,2026-10-03T10:43:37.409Z,ok,0,rows 12->12,86.3,,,,,0,0,13777720,11245888,857,566,1,15175,14867,20,1,15175,12,
new,10000,none,1,initial_load,4,2026-10-03T10:43:39.558Z,ok,0,,576.7,576.7,576.7,80,776,17,2,11551788,9692316,796,541,1,15331,15022,20,9,859334,12,
new,10000,none,1,scroll_pages,4,2026-10-03T10:43:42.118Z,ok,0,,864,,,,,0,0,17149308,11069836,1259,834,3,45841,44917,60,3,45841,21,61
new,10000,none,1,scroll_all,4,2026-10-03T10:45:14.978Z,ok,0,,90703.7,,,,,0,0,64646780,23256292,942,633,459,7021101,6879522,9169,460,7021558,15,9189
new,10000,none,1,filter_change,4,2026-10-03T10:45:16.797Z,ok,0,rows 12->12,74.3,,,,,0,0,14546180,11408068,904,620,1,15263,14955,20,1,15263,12,
new,10000,none,1,sort_change,4,2026-10-03T10:45:18.618Z,ok,0,rows 12->12,84.7,,,,,0,0,13756396,11251628,857,566,1,15175,14867,20,1,15175,12,
new,10000,none,1,initial_load,5,2026-10-03T10:45:20.757Z,ok,0,,568.4,568.4,568.4,64,464,14,2,11531516,9680268,796,541,1,15331,15022,20,9,859334,12,
new,10000,none,1,scroll_pages,5,2026-10-03T10:45:23.389Z,ok,0,,942.5,,,,,0,0,17148032,11046508,1259,834,3,45841,44917,60,3,45841,21,60
new,10000,none,1,scroll_all,5,2026-10-03T10:45:55.572Z,ok,0,,30112.1,,,,,0,0,37840988,15807480,884,597,157,2409265,2360806,3140,157,2409265,14,3160
new,10000,none,1,filter_change,5,2026-10-03T10:45:57.376Z,ok,0,rows 12->12,69.2,,,,,0,0,14516672,11406172,904,620,1,15263,14955,20,1,15263,12,
new,10000,none,1,sort_change,5,2026-10-03T10:45:59.209Z,ok,0,rows 12->12,88.7,,,,,0,0,13737652,11246196,857,566,1,15175,14867,20,1,15175,12,
new,10000,none,1,initial_load,6,2026-10-03T10:46:01.349Z,ok,0,,565.1,565.1,565.1,64,460,19,3,11516640,9680344,796,541,1,15331,15022,20,9,859334,12,
new,10000,none,1,scroll_pages,6,2026-10-03T10:46:03.973Z,ok,0,,988.5,,,,,0,0,17316132,11084056,1259,834,3,45841,44917,60,3,45841,21,63
new,10000,none,1,scroll_all,6,2026-10-03T10:47:37.577Z,ok,0,,91464.8,,,,,0,0,54216956,23304084,942,633,459,7021101,6879522,9169,460,7021558,15,9189
new,10000,none,1,filter_change,6,2026-10-03T10:47:39.398Z,ok,0,rows 12->12,69,,,,,0,0,14521040,11405408,904,620,1,15263,14955,20,1,15263,12,
new,10000,none,1,sort_change,6,2026-10-03T10:47:41.220Z,ok,0,rows 12->12,83.8,,,,,0,0,13729092,11245152,857,566,1,15175,14867,20,1,15175,12,
new,10000,none,1,initial_load,7,2026-10-03T10:47:43.359Z,ok,0,,567.4,567.4,567.4,64,516,16,2,11559668,9680220,796,541,1,15331,15022,20,9,859334,12,
new,10000,none,1,scroll_pages,7,2026-10-03T10:47:46.046Z,ok,0,,988,,,,,0,0,17108648,11045156,1259,834,3,45841,44917,60,3,45841,21,60
new,10000,none,1,scroll_all,7,2026-10-03T10:49:20.192Z,ok,0,,92031.2,,,,,0,0,41867472,23287092,942,633,459,7021101,6879522,9169,460,7021558,15,9189
new,10000,none,1,filter_change,7,2026-10-03T10:49:21.990Z,ok,0,rows 12->12,72.3,,,,,0,0,14482564,11406248,904,620,1,15263,14955,20,1,15263,12,
new,10000,none,1,sort_change,7,2026-10-03T10:49:23.816Z,ok,0,rows 12->12,86.7,,,,,0,0,13696548,11248616,857,566,1,15175,14867,20,1,15175,12,
new,10000,none,1,initial_load,8,2026-10-03T10:49:25.955Z,ok,0,,562.5,562.5,562.5,80,512,17,3,11561188,9686524,796,541,1,15331,15022,20,9,859334,12,
new,10000,none,1,scroll_pages,8,2026-10-03T10:49:28.625Z,ok,0,,973.2,,,,,0,0,17355348,11085668,1259,834,3,45841,44917,60,3,45841,21,63
new,10000,none,1,scroll_all,8,2026-10-03T10:51:00.585Z,ok,0,,89832.8,,,,,0,0,51597824,23305916,942,633,459,7021101,6879522,9169,460,7021558,15,9189
new,10000,none,1,filter_change,8,2026-10-03T10:51:02.401Z,ok,0,rows 12->12,70.4,,,,,0,0,14542140,11406156,904,620,1,15263,14955,20,1,15263,12,
new,10000,none,1,sort_change,8,2026-10-03T10:51:04.237Z,ok,0,rows 12->12,90.2,,,,,0,0,13753324,11245372,857,566,1,15175,14867,20,1,15175,12,
new,10000,none,1,initial_load,9,2026-10-03T10:51:06.375Z,ok,0,,568.7,568.7,568.7,64,500,18,2,11591928,9680372,796,541,1,15331,15022,20,9,859334,12,
new,10000,none,1,scroll_pages,9,2026-10-03T10:51:09.092Z,ok,0,,1019.8,,,,,0,0,17111944,11045196,1259,834,3,45841,44917,60,3,45841,21,60
new,10000,none,1,scroll_all,9,2026-10-03T10:52:42.014Z,ok,0,,90823.2,,,,,0,0,56884972,23282556,942,633,459,7021101,6879522,9169,460,7021558,15,9189
new,10000,none,1,filter_change,9,2026-10-03T10:52:43.829Z,ok,0,rows 12->12,72.3,,,,,0,0,14515800,11409104,904,620,1,15263,14955,20,1,15263,12,
new,10000,none,1,sort_change,9,2026-10-03T10:52:45.662Z,ok,0,rows 12->12,86.7,,,,,0,0,13758500,11245252,857,566,1,15175,14867,20,1,15175,12,
new,10000,none,1,initial_load,10,2026-10-03T10:52:47.802Z,ok,0,,570.7,570.7,570.7,64,768,15,2,11527024,9686264,796,541,1,15331,15022,20,9,859334,12,
new,10000,none,1,scroll_pages,10,2026-10-03T10:52:50.460Z,ok,0,,1016.1,,,,,0,0,17316508,11085836,1259,834,3,45841,44917,60,3,45841,21,63
new,10000,none,1,scroll_all,10,2026-10-03T10:54:24.106Z,ok,0,,91513,,,,,0,0,56869492,23276316,942,633,459,7021101,6879522,9169,460,7021558,15,9189
new,10000,none,1,filter_change,10,2026-10-03T10:54:25.965Z,ok,0,rows 12->12,71.9,,,,,0,0,14544420,11408976,904,620,1,15263,14955,20,1,15263,12,
new,10000,none,1,sort_change,10,2026-10-03T10:54:27.803Z,ok,0,rows 12->12,89.3,,,,,0,0,13812816,11248804,857,566,1,15175,14867,20,1,15175,12,
new,10000,none,1,initial_load,11,2026-10-03T10:54:29.940Z,ok,0,,563.1,563.1,563.1,64,696,14,2,11580188,9686980,796,541,1,15331,15022,20,9,859334,12,
new,10000,none,1,scroll_pages,11,2026-10-03T10:54:32.591Z,ok,0,,955.7,,,,,0,0,17324248,11085480,1259,834,3,45841,44917,60,3,45841,21,63
new,10000,none,1,scroll_all,11,2026-10-03T10:56:04.996Z,ok,0,,90253.9,,,,,0,0,49491060,23291456,942,633,459,7021101,6879522,9169,460,7021558,15,9189
new,10000,none,1,filter_change,11,2026-10-03T10:56:06.798Z,ok,0,rows 12->12,76.1,,,,,0,0,14518396,11412604,904,620,1,15263,14955,20,1,15263,12,
new,10000,none,1,sort_change,11,2026-10-03T10:56:08.622Z,ok,0,rows 12->12,86.2,,,,,0,0,13759284,11248476,857,566,1,15175,14867,20,1,15175,12,
new,10000,none,1,initial_load,12,2026-10-03T10:56:10.765Z,ok,0,,573.7,573.7,573.7,72,460,17,2,11517608,9680140,796,541,1,15331,15022,20,9,859334,12,
new,10000,none,1,scroll_pages,12,2026-10-03T10:56:13.403Z,ok,0,,989.4,,,,,0,0,17336052,11085916,1259,834,3,45841,44917,60,3,45841,21,63
new,10000,none,1,scroll_all,12,2026-10-03T10:57:45.894Z,ok,0,,90326.7,,,,,0,0,56123696,23280848,942,633,459,7021101,6879522,9169,460,7021558,15,9189
new,10000,none,1,filter_change,12,2026-10-03T10:57:47.700Z,ok,0,rows 12->12,71.2,,,,,0,0,14511420,11409308,904,620,1,15263,14955,20,1,15263,12,
new,10000,none,1,sort_change,12,2026-10-03T10:57:49.532Z,ok,0,rows 12->12,87.9,,,,,0,0,13740232,11245520,857,566,1,15175,14867,20,1,15175,12,
new,10000,none,1,initial_load,13,2026-10-03T10:57:51.669Z,ok,0,,566,566,566,64,768,10,2,11566348,9679744,796,541,1,15331,15022,20,9,859334,12,
new,10000,none,1,scroll_pages,13,2026-10-03T10:57:54.292Z,ok,0,,925.9,,,,,0,0,17106792,11044200,1259,834,3,45841,44917,60,3,45841,21,60
new,10000,none,1,scroll_all,13,2026-10-03T10:59:26.686Z,ok,0,,90264.4,,,,,0,0,56764456,23282244,942,633,459,7021101,6879522,9169,460,7021558,15,9189
new,10000,none,1,filter_change,13,2026-10-03T10:59:28.493Z,ok,0,rows 12->12,68.8,,,,,0,0,14528780,11411796,904,620,1,15263,14955,20,1,15263,12,
new,10000,none,1,sort_change,13,2026-10-03T10:59:30.313Z,ok,0,rows 12->12,85.3,,,,,0,0,13722516,11245236,857,566,1,15175,14867,20,1,15175,12,
new,10000,none,1,initial_load,14,2026-10-03T10:59:32.454Z,ok,0,,564.8,564.8,564.8,60,700,16,2,11565392,9680436,796,541,1,15331,15022,20,9,859334,12,
new,10000,none,1,scroll_pages,14,2026-10-03T10:59:35.102Z,ok,0,,1007.8,,,,,0,0,17334056,11085296,1259,834,3,45841,44917,60,3,45841,21,63
new,10000,none,1,scroll_all,14,2026-10-03T11:01:08.096Z,ok,0,,90836.1,,,,,0,0,65572216,23272936,942,633,459,7021101,6879522,9169,460,7021558,15,9189
new,10000,none,1,filter_change,14,2026-10-03T11:01:09.904Z,ok,0,rows 12->12,72.1,,,,,0,0,14538356,11409304,904,620,1,15263,14955,20,1,15263,12,
new,10000,none,1,sort_change,14,2026-10-03T11:01:11.734Z,ok,0,rows 12->12,87.5,,,,,0,0,13743472,11249196,857,566,1,15175,14867,20,1,15175,12,
new,10000,none,1,initial_load,15,2026-10-03T11:01:13.876Z,ok,0,,571,571,571,64,764,18,2,11564840,9679764,796,541,1,15331,15022,20,9,859334,12,
new,10000,none,1,scroll_pages,15,2026-10-03T11:01:16.534Z,ok,0,,1018.5,,,,,0,0,18164888,11077872,1259,834,3,45841,44917,60,3,45841,21,63
new,10000,none,1,scroll_all,15,2026-10-03T11:02:50.782Z,ok,0,,92086.3,,,,,0,0,65186952,23313004,942,633,459,7021101,6879522,9169,460,7021558,15,9189
new,10000,none,1,filter_change,15,2026-10-03T11:02:52.594Z,ok,0,rows 12->12,70.5,,,,,0,0,14512944,11408428,904,620,1,15263,14955,20,1,15263,12,
new,10000,none,1,sort_change,15,2026-10-03T11:02:54.411Z,ok,0,rows 12->12,86.9,,,,,0,0,13730664,11245176,857,566,1,15175,14867,20,1,15175,12,
new,10000,none,1,initial_load,16,2026-10-03T11:02:56.545Z,ok,0,,565.1,565.1,565.1,64,456,14,2,11542468,9688252,796,541,1,15331,15022,20,9,859334,12,
new,10000,none,1,scroll_pages,16,2026-10-03T11:02:59.167Z,ok,0,,926.7,,,,,0,0,17356972,11084632,1259,834,3,45841,44917,60,3,45841,21,63
new,10000,none,1,scroll_all,16,2026-10-03T11:04:31.848Z,ok,0,,90500.1,,,,,0,0,71563160,23313208,942,633,459,7021101,6879522,9169,460,7021558,15,9189
new,10000,none,1,filter_change,16,2026-10-03T11:04:33.696Z,ok,0,rows 12->12,68.9,,,,,0,0,14526108,11411380,904,620,1,15263,14955,20,1,15263,12,
new,10000,none,1,sort_change,16,2026-10-03T11:04:35.519Z,ok,0,rows 12->12,88.2,,,,,0,0,13730924,11248552,857,566,1,15175,14867,20,1,15175,12,
new,10000,none,1,initial_load,17,2026-10-03T11:04:37.654Z,ok,0,,565.3,565.3,565.3,64,460,10,2,11535424,9680036,796,541,1,15331,15022,20,9,859334,12,
new,10000,none,1,scroll_pages,17,2026-10-03T11:04:40.300Z,ok,0,,1013.3,,,,,0,0,17310920,11085752,1259,834,3,45841,44917,60,3,45841,21,63
new,10000,none,1,scroll_all,17,2026-10-03T11:04:51.889Z,ok,0,,9529.9,,,,,0,0,24698484,12911992,928,625,48,736196,721383,960,48,736196,15,980
new,10000,none,1,filter_change,17,2026-10-03T11:04:53.698Z,ok,0,rows 12->12,73.4,,,,,0,0,14537512,11410100,904,620,1,15263,14955,20,1,15263,12,
new,10000,none,1,sort_change,17,2026-10-03T11:04:55.514Z,ok,0,rows 12->12,86.3,,,,,0,0,13778608,11245668,857,566,1,15175,14867,20,1,15175,12,
new,10000,none,1,initial_load,18,2026-10-03T11:04:57.661Z,ok,0,,575.6,575.6,575.6,72,732,21,2,11579956,9679764,796,541,1,15331,15022,20,9,859334,12,
new,10000,none,1,scroll_pages,18,2026-10-03T11:05:00.349Z,ok,0,,988.4,,,,,0,0,17359732,11085096,1259,834,3,45841,44917,60,3,45841,21,63
new,10000,none,1,scroll_all,18,2026-10-03T11:06:34.534Z,ok,0,,91988.9,,,,,0,0,56142148,23275424,942,633,459,7021101,6879522,9169,460,7021558,15,9189
new,10000,none,1,filter_change,18,2026-10-03T11:06:36.340Z,ok,0,rows 12->12,70.8,,,,,0,0,14484064,11408448,904,620,1,15263,14955,20,1,15263,12,
new,10000,none,1,sort_change,18,2026-10-03T11:06:38.162Z,ok,0,rows 12->12,87.4,,,,,0,0,13775400,11251640,857,566,1,15175,14867,20,1,15175,12,
new,10000,none,1,initial_load,19,2026-10-03T11:06:40.300Z,ok,0,,568.2,568.2,568.2,64,756,16,2,11559356,9690472,796,541,1,15331,15022,20,9,859334,12,
new,10000,none,1,scroll_pages,19,2026-10-03T11:06:42.952Z,ok,0,,954.3,,,,,0,0,17320584,11085592,1259,834,3,45841,44917,60,3,45841,21,63
new,10000,none,1,scroll_all,19,2026-10-03T11:08:16.230Z,ok,0,,91159.3,,,,,0,0,44264128,23333040,942,633,459,7021101,6879522,9169,460,7021558,15,9189
new,10000,none,1,filter_change,19,2026-10-03T11:08:18.035Z,ok,0,rows 12->12,68.8,,,,,0,0,14495240,11409156,904,620,1,15263,14955,20,1,15263,12,
new,10000,none,1,sort_change,19,2026-10-03T11:08:19.865Z,ok,0,rows 12->12,89.5,,,,,0,0,13796980,11255216,857,566,1,15175,14867,20,1,15175,12,
new,10000,none,1,initial_load,20,2026-10-03T11:08:22.000Z,ok,0,,564.4,564.4,564.4,64,708,14,2,11564992,9680344,796,541,1,15331,15022,20,9,859334,12,
new,10000,none,1,scroll_pages,20,2026-10-03T11:08:24.646Z,ok,0,,1004.4,,,,,0,0,17345936,11084864,1259,834,3,45841,44917,60,3,45841,21,63
new,10000,none,1,scroll_all,20,2026-10-03T11:09:57.969Z,ok,0,,91169.8,,,,,0,0,55245972,23300628,942,633,459,7021101,6879522,9169,460,7021558,15,9189
new,10000,none,1,filter_change,20,2026-10-03T11:09:59.776Z,ok,0,rows 12->12,72.1,,,,,0,0,14511648,11406268,904,620,1,15263,14955,20,1,15263,12,
new,10000,none,1,sort_change,20,2026-10-03T11:10:01.608Z,ok,0,rows 12->12,88.3,,,,,0,0,13772928,11246796,857,566,1,15175,14867,20,1,15175,12,
new,10000,none,1,initial_load,21,2026-10-03T11:10:03.743Z,ok,0,,563.5,563.5,563.5,64,460,9,2,11573608,9680056,796,541,1,15331,15022,20,9,859334,12,
new,10000,none,1,scroll_pages,21,2026-10-03T11:10:06.383Z,ok,0,,1007.5,,,,,0,0,17313224,11087024,1259,834,3,45841,44917,60,3,45841,21,63
new,10000,none,1,scroll_all,21,2026-10-03T11:11:39.824Z,ok,0,,91326.9,,,,,0,0,41875480,23306956,942,633,459,7021101,6879522,9169,460,7021558,15,9189
new,10000,none,1,filter_change,21,2026-10-03T11:11:41.631Z,ok,0,rows 12->12,70.5,,,,,0,0,14510560,11408672,904,620,1,15263,14955,20,1,15263,12,
new,10000,none,1,sort_change,21,2026-10-03T11:11:43.466Z,ok,0,rows 12->12,84.3,,,,,0,0,13746348,11245476,857,566,1,15175,14867,20,1,15175,12,
new,10000,none,1,initial_load,22,2026-10-03T11:11:45.610Z,ok,0,,570.2,570.2,570.2,60,712,19,2,11553180,9680408,796,541,1,15331,15022,20,9,859334,12,
new,10000,none,1,scroll_pages,22,2026-10-03T11:11:48.193Z,ok,0,,951.6,,,,,0,0,17359040,11085736,1259,834,3,45841,44917,60,3,45841,21,63
new,10000,none,1,scroll_all,22,2026-10-03T11:13:21.084Z,ok,0,,90770.6,,,,,0,0,57404488,23302816,942,633,459,7021101,6879522,9169,460,7021558,15,9189
new,10000,none,1,filter_change,22,2026-10-03T11:13:22.890Z,ok,0,rows 12->12,71,,,,,0,0,14536644,11407404,904,620,1,15263,14955,20,1,15263,12,
new,10000,none,1,sort_change,22,2026-10-03T11:13:24.706Z,ok,0,rows 12->12,86.5,,,,,0,0,13755112,11245304,857,566,1,15175,14867,20,1,15175,12,
new,10000,none,1,initial_load,23,2026-10-03T11:13:26.849Z,ok,0,,569.6,569.6,569.6,72,476,17,2,11596920,9680368,796,541,1,15331,15022,20,9,859334,12,
new,10000,none,1,scroll_pages,23,2026-10-03T11:13:29.531Z,ok,0,,987.4,,,,,0,0,17134452,11045060,1259,834,3,45841,44917,60,3,45841,21,60
new,10000,none,1,scroll_all,23,2026-10-03T11:15:02.702Z,ok,0,,91012.9,,,,,0,0,60179476,23281420,942,633,459,7021101,6879522,9169,460,7021558,15,9189
new,10000,none,1,filter_change,23,2026-10-03T11:15:04.568Z,ok,0,rows 12->12,75.8,,,,,0,0,13758860,11399520,904,620,1,15263,14955,20,1,15263,12,
new,10000,none,1,sort_change,23,2026-10-03T11:15:06.400Z,ok,0,rows 12->12,89.6,,,,,0,0,13697544,11245180,857,566,1,15175,14867,20,1,15175,12,
new,10000,none,1,initial_load,24,2026-10-03T11:15:08.536Z,ok,0,,564.7,564.7,564.7,64,452,17,2,11542648,9688156,796,541,1,15331,15022,20,9,859334,12,
new,10000,none,1,scroll_pages,24,2026-10-03T11:15:11.204Z,ok,0,,980.9,,,,,0,0,17299544,11085248,1259,834,3,45841,44917,60,3,45841,21,63
new,10000,none,1,scroll_all,24,2026-10-03T11:16:45.352Z,ok,0,,92111,,,,,0,0,51609428,23299932,942,633,459,7021101,6879522,9169,460,7021558,15,9189
new,10000,none,1,filter_change,24,2026-10-03T11:16:47.161Z,ok,0,rows 12->12,75.5,,,,,0,0,14514052,11408684,904,620,1,15263,14955,20,1,15263,12,
new,10000,none,1,sort_change,24,2026-10-03T11:16:48.990Z,ok,0,rows 12->12,88,,,,,0,0,13741920,11248632,857,566,1,15175,14867,20,1,15175,12,
new,10000,none,1,initial_load,25,2026-10-03T11:16:51.124Z,ok,0,,561.5,561.5,561.5,64,464,11,2,11578700,9686892,796,541,1,15331,15022,20,9,859334,12,
new,10000,none,1,scroll_pages,25,2026-10-03T11:16:53.764Z,ok,0,,946.6,,,,,0,0,17088524,11046068,1259,834,3,45841,44917,60,3,45841,21,60
new,10000,none,1,scroll_all,25,2026-10-03T11:17:49.630Z,ok,0,,53800.9,,,,,0,0,43854428,19050664,943,634,276,4232486,4147314,5520,276,4232486,15,5540
new,10000,none,1,filter_change,25,2026-10-03T11:17:51.435Z,ok,0,rows 12->12,72.3,,,,,0,0,14539816,11409236,904,620,1,15263,14955,20,1,15263,12,
new,10000,none,1,sort_change,25,2026-10-03T11:17:53.272Z,ok,0,rows 12->12,84.9,,,,,0,0,13750324,11248604,857,566,1,15175,14867,20,1,15175,12,
new,10000,none,1,initial_load,26,2026-10-03T11:17:55.414Z,ok,0,,570.6,570.6,570.6,80,508,16,2,11559060,9690764,796,541,1,15331,15022,20,9,859334,12,
new,10000,none,1,scroll_pages,26,2026-10-03T11:17:58.122Z,ok,0,,1014.2,,,,,0,0,17353504,11080804,1259,834,3,45841,44917,60,3,45841,21,63
new,10000,none,1,scroll_all,26,2026-10-03T11:19:31.490Z,ok,0,,91257.3,,,,,0,0,51162972,23317540,942,633,459,7021101,6879522,9169,460,7021558,15,9189
new,10000,none,1,filter_change,26,2026-10-03T11:19:33.297Z,ok,0,rows 12->12,73.3,,,,,0,0,14506996,11412580,904,620,1,15263,14955,20,1,15263,12,
new,10000,none,1,sort_change,26,2026-10-03T11:19:35.109Z,ok,0,rows 12->12,87.4,,,,,0,0,13740052,11245056,857,566,1,15175,14867,20,1,15175,12,
new,10000,none,1,initial_load,27,2026-10-03T11:19:37.253Z,ok,0,,574.2,574.2,574.2,64,728,15,2,11574060,9679884,796,541,1,15331,15022,20,9,859334,12,
new,10000,none,1,scroll_pages,27,2026-10-03T11:19:39.964Z,ok,0,,1021.1,,,,,0,0,17357384,11085816,1259,834,3,45841,44917,60,3,45841,21,63
new,10000,none,1,scroll_all,27,2026-10-03T11:21:12.532Z,ok,0,,90437.8,,,,,0,0,50568508,23272524,942,633,459,7021101,6879522,9169,460,7021558,15,9189
new,10000,none,1,filter_change,27,2026-10-03T11:21:14.350Z,ok,0,rows 12->12,71.3,,,,,0,0,14557520,11409044,904,620,1,15263,14955,20,1,15263,12,
new,10000,none,1,sort_change,27,2026-10-03T11:21:16.163Z,ok,0,rows 12->12,85.7,,,,,0,0,13698456,11246588,857,566,1,15175,14867,20,1,15175,12,
new,10000,none,1,initial_load,28,2026-10-03T11:21:18.300Z,ok,0,,568.6,568.6,568.6,76,476,17,2,11540716,9690236,796,541,1,15331,15022,20,9,859334,12,
new,10000,none,1,scroll_pages,28,2026-10-03T11:21:20.976Z,ok,0,,988.2,,,,,0,0,17336608,11086004,1259,834,3,45841,44917,60,3,45841,21,63
new,10000,none,1,scroll_all,28,2026-10-03T11:22:54.264Z,ok,0,,91147.8,,,,,0,0,63325556,23275548,942,633,459,7021101,6879522,9169,460,7021558,15,9189
new,10000,none,1,filter_change,28,2026-10-03T11:22:56.059Z,ok,0,rows 12->12,71.6,,,,,0,0,14511204,11411264,904,620,1,15263,14955,20,1,15263,12,
new,10000,none,1,sort_change,28,2026-10-03T11:22:57.878Z,ok,0,rows 12->12,88.7,,,,,0,0,13726556,11255488,857,566,1,15175,14867,20,1,15175,12,
new,10000,none,1,initial_load,29,2026-10-03T11:23:00.024Z,ok,0,,572,572,572,68,564,19,3,11576396,9679456,796,541,1,15331,15022,20,9,859334,12,
new,10000,none,1,scroll_pages,29,2026-10-03T11:23:02.675Z,ok,0,,1012.7,,,,,0,0,17330072,11086044,1259,834,3,45841,44917,60,3,45841,21,63
new,10000,none,1,scroll_all,29,2026-10-03T11:24:35.854Z,ok,0,,91020.9,,,,,0,0,68174596,23277856,942,633,459,7021101,6879522,9169,460,7021558,15,9189
new,10000,none,1,filter_change,29,2026-10-03T11:24:37.665Z,ok,0,rows 12->12,71.2,,,,,0,0,14513808,11407492,904,620,1,15263,14955,20,1,15263,12,
new,10000,none,1,sort_change,29,2026-10-03T11:24:39.487Z,ok,0,rows 12->12,86.6,,,,,0,0,13755628,11245240,857,566,1,15175,14867,20,1,15175,12,
new,10000,none,1,initial_load,30,2026-10-03T11:24:41.619Z,ok,0,,562.7,562.7,562.7,64,452,12,2,11572472,9679212,796,541,1,15331,15022,20,9,859334,12,
new,10000,none,1,scroll_pages,30,2026-10-03T11:24:44.264Z,ok,0,,1006.4,,,,,0,0,17275604,11085680,1259,834,3,45841,44917,60,3,45841,21,63
new,10000,none,1,scroll_all,30,2026-10-03T11:26:16.740Z,ok,0,,90378.4,,,,,0,0,44589324,23287248,942,633,459,7021101,6879522,9169,460,7021558,15,9189
new,10000,none,1,filter_change,30,2026-10-03T11:26:18.607Z,ok,0,rows 12->12,72.9,,,,,0,0,14553028,11405708,904,620,1,15263,14955,20,1,15263,12,
new,10000,none,1,sort_change,30,2026-10-03T11:26:20.423Z,ok,0,rows 12->12,88.5,,,,,0,0,13702176,11245196,857,566,1,15175,14867,20,1,15175,12,
old,100,none,1,initial_load,1,2026-10-03T11:38:32.541Z,ok,0,,483.7,483.7,483.7,100,468,16,1,17175208,13944740,4859,3112,1,77458,77127,94,11,3138161,94,
old,100,none,1,scroll_pages,1,2026-10-03T11:38:34.434Z,ok,0,,780.9,,,,,0,0,17189348,13943676,4859,3112,0,0,0,0,0,0,94,61
old,100,none,1,scroll_all,1,2026-10-03T11:38:36.413Z,ok,0,,358.5,,,,,0,0,17375956,13941312,4859,3112,0,0,0,0,0,0,94,94
old,100,none,1,filter_change,1,2026-10-03T11:38:38.069Z,ok,0,rows 94->24,18.9,,,,,0,0,20112468,14006720,1493,995,0,0,0,0,0,0,24,
old,100,none,1,sort_change,1,2026-10-03T11:38:39.819Z,ok,0,rows 94->94,33.9,,,,,0,0,20466032,20142960,5571,3711,0,0,0,0,0,0,94,
old,100,none,1,initial_load,2,2026-10-03T11:38:41.871Z,ok,0,,495.1,495.1,495.1,120,480,23,1,17156896,13931864,4859,3112,1,77458,77127,94,11,3138161,94,
old,100,none,1,scroll_pages,2,2026-10-03T11:38:43.768Z,ok,0,,788.5,,,,,0,0,17286996,13945016,4859,3112,0,0,0,0,0,0,94,61
old,100,none,1,scroll_all,2,2026-10-03T11:38:45.730Z,ok,0,,342.7,,,,,0,0,17280296,13945076,4859,3112,0,0,0,0,0,0,94,94
old,100,none,1,filter_change,2,2026-10-03T11:38:47.435Z,ok,0,rows 94->24,17.8,,,,,0,0,20064008,14007320,1493,995,0,0,0,0,0,0,24,
old,100,none,1,sort_change,2,2026-10-03T11:38:49.155Z,ok,0,rows 94->94,33.2,,,,,0,0,20496308,20171856,5571,3711,0,0,0,0,0,0,94,
old,100,none,1,initial_load,3,2026-10-03T11:38:51.250Z,ok,0,,493.8,493.8,493.8,108,488,19,1,17105444,13933836,4859,3112,1,77458,77127,94,11,3138161,94,
old,100,none,1,scroll_pages,3,2026-10-03T11:38:53.139Z,ok,0,,804.3,,,,,0,0,17240664,13942928,4859,3112,0,0,0,0,0,0,94,61
old,100,none,1,scroll_all,3,2026-10-03T11:38:55.060Z,ok,0,,342.2,,,,,0,0,17234064,13935512,4859,3112,0,0,0,0,0,0,94,94
old,100,none,1,filter_change,3,2026-10-03T11:38:56.741Z,ok,0,rows 94->24,17.9,,,,,0,0,20067596,14007064,1493,995,0,0,0,0,0,0,24,
old,100,none,1,sort_change,3,2026-10-03T11:38:58.464Z,ok,0,rows 94->94,32.1,,,,,0,0,20493192,20168932,5571,3711,0,0,0,0,0,0,94,
old,100,none,1,initial_load,4,2026-10-03T11:39:00.513Z,ok,0,,488.1,488.1,488.1,108,492,15,1,17142700,13942632,4859,3112,1,77458,77127,94,11,3138161,94,
old,100,none,1,scroll_pages,4,2026-10-03T11:39:02.364Z,ok,0,,778,,,,,0,0,17195344,13941136,4859,3112,0,0,0,0,0,0,94,61
old,100,none,1,scroll_all,4,2026-10-03T11:39:04.329Z,ok,0,,327.2,,,,,0,0,17350724,13945532,4859,3112,0,0,0,0,0,0,94,94
old,100,none,1,filter_change,4,2026-10-03T11:39:06.016Z,ok,0,rows 94->24,17.4,,,,,0,0,20052696,14001980,1493,995,0,0,0,0,0,0,24,
old,100,none,1,sort_change,4,2026-10-03T11:39:07.720Z,ok,0,rows 94->94,31,,,,,0,0,20466380,20142148,5571,3711,0,0,0,0,0,0,94,
old,100,none,1,initial_load,5,2026-10-03T11:39:09.809Z,ok,0,,493.6,493.6,493.6,116,480,21,1,17118964,13935176,4859,3112,1,77458,77127,94,11,3138161,94,
old,100,none,1,scroll_pages,5,2026-10-03T11:39:11.698Z,ok,0,,778.8,,,,,0,0,17206976,13950648,4859,3112,0,0,0,0,0,0,94,61
old,100,none,1,scroll_all,5,2026-10-03T11:39:13.644Z,ok,0,,328.1,,,,,0,0,17256572,13944936,4859,3112,0,0,0,0,0,0,94,94
old,100,none,1,filter_change,5,2026-10-03T11:39:15.334Z,ok,0,rows 94->24,18.5,,,,,0,0,20092204,14007932,1493,995,0,0,0,0,0,0,24,
old,100,none,1,sort_change,5,2026-10-03T11:39:17.060Z,ok,0,rows 94->94,30.2,,,,,0,0,20505156,20181932,5571,3711,0,0,0,0,0,0,94,
old,100,none,1,initial_load,6,2026-10-03T11:39:19.145Z,ok,0,,486.6,486.6,486.6,108,480,17,1,17137872,13935244,4859,3112,1,77458,77127,94,11,3138161,94,
old,100,none,1,scroll_pages,6,2026-10-03T11:39:21.028Z,ok,0,,793.4,,,,,0,0,17242068,13949928,4859,3112,0,0,0,0,0,0,94,61
old,100,none,1,scroll_all,6,2026-10-03T11:39:22.944Z,ok,0,,329.9,,,,,0,0,17303324,13943236,4859,3112,0,0,0,0,0,0,94,94
old,100,none,1,filter_change,6,2026-10-03T11:39:24.600Z,ok,0,rows 94->24,18.3,,,,,0,0,20138152,14002512,1493,995,0,0,0,0,0,0,24,
old,100,none,1,sort_change,6,2026-10-03T11:39:26.340Z,ok,0,rows 94->94,29.4,,,,,0,0,20495572,20172468,5571,3711,0,0,0,0,0,0,94,
old,100,none,1,initial_load,7,2026-10-03T11:39:28.430Z,ok,0,,486.5,486.5,486.5,104,528,18,1,17144216,13932780,4859,3112,1,77458,77127,94,11,3138161,94,
old,100,none,1,scroll_pages,7,2026-10-03T11:39:30.284Z,ok,0,,795.9,,,,,0,0,17280976,13955992,4859,3112,0,0,0,0,0,0,94,61
old,100,none,1,scroll_all,7,2026-10-03T11:39:32.241Z,ok,0,,334.3,,,,,0,0,17307972,13940300,4859,3112,0,0,0,0,0,0,94,94
old,100,none,1,filter_change,7,2026-10-03T11:39:33.948Z,ok,0,rows 94->24,18.7,,,,,0,0,20095996,14009104,1493,995,0,0,0,0,0,0,24,
old,100,none,1,sort_change,7,2026-10-03T11:39:35.638Z,ok,0,rows 94->94,31,,,,,0,0,20498924,20174556,5571,3711,0,0,0,0,0,0,94,
old,100,none,1,initial_load,8,2026-10-03T11:39:37.721Z,ok,0,,484.4,484.4,484.4,112,480,17,1,17113028,13953284,4859,3112,1,77458,77127,94,11,3138161,94,
old,100,none,1,scroll_pages,8,2026-10-03T11:39:39.611Z,ok,0,,783.6,,,,,0,0,17226984,13941716,4859,3112,0,0,0,0,0,0,94,61
old,100,none,1,scroll_all,8,2026-10-03T11:39:41.508Z,ok,0,,325.6,,,,,0,0,17289904,13953740,4859,3112,0,0,0,0,0,0,94,94
old,100,none,1,filter_change,8,2026-10-03T11:39:43.201Z,ok,0,rows 94->24,20.8,,,,,0,0,20069144,14007492,1493,995,0,0,0,0,0,0,24,
old,100,none,1,sort_change,8,2026-10-03T11:39:44.937Z,ok,0,rows 94->94,29.7,,,,,0,0,20497512,20174452,5571,3711,0,0,0,0,0,0,94,
old,100,none,1,initial_load,9,2026-10-03T11:39:46.979Z,ok,0,,481.2,481.2,481.2,108,644,14,1,17128984,13933152,4859,3112,1,77458,77127,94,11,3138161,94,
old,100,none,1,scroll_pages,9,2026-10-03T11:39:48.840Z,ok,0,,795.3,,,,,0,0,17242792,13951000,4859,3112,0,0,0,0,0,0,94,61
old,100,none,1,scroll_all,9,2026-10-03T11:39:50.790Z,ok,0,,327.3,,,,,0,0,17310212,13934736,4859,3112,0,0,0,0,0,0,94,94
old,100,none,1,filter_change,9,2026-10-03T11:39:52.483Z,ok,0,rows 94->24,18.4,,,,,0,0,20038716,14003236,1493,995,0,0,0,0,0,0,24,
old,100,none,1,sort_change,9,2026-10-03T11:39:54.206Z,ok,0,rows 94->94,32.9,,,,,0,0,20466012,20143004,5571,3711,0,0,0,0,0,0,94,
old,100,none,1,initial_load,10,2026-10-03T11:39:56.252Z,ok,0,,485.7,485.7,485.7,108,620,17,1,17261972,13935956,4859,3112,1,77458,77127,94,11,3138161,94,
old,100,none,1,scroll_pages,10,2026-10-03T11:39:58.142Z,ok,0,,796.8,,,,,0,0,17262700,13945956,4859,3112,0,0,0,0,0,0,94,61
old,100,none,1,scroll_all,10,2026-10-03T11:40:00.089Z,ok,0,,331.5,,,,,0,0,17299756,13944368,4859,3112,0,0,0,0,0,0,94,94
old,100,none,1,filter_change,10,2026-10-03T11:40:01.746Z,ok,0,rows 94->24,19.9,,,,,0,0,20075212,14005744,1493,995,0,0,0,0,0,0,24,
old,100,none,1,sort_change,10,2026-10-03T11:40:03.433Z,ok,0,rows 94->94,30,,,,,0,0,20499224,20174816,5571,3711,0,0,0,0,0,0,94,
old,100,none,1,initial_load,11,2026-10-03T11:40:05.518Z,ok,0,,488.5,488.5,488.5,116,628,21,1,17116824,13937604,4859,3112,1,77458,77127,94,11,3138161,94,
old,100,none,1,scroll_pages,11,2026-10-03T11:40:07.373Z,ok,0,,786.4,,,,,0,0,17239140,13949848,4859,3112,0,0,0,0,0,0,94,61
old,100,none,1,scroll_all,11,2026-10-03T11:40:09.303Z,ok,0,,307.9,,,,,0,0,17277784,13935972,4859,3112,0,0,0,0,0,0,94,94
old,100,none,1,filter_change,11,2026-10-03T11:40:11.011Z,ok,0,rows 94->24,17.7,,,,,0,0,20113476,14008340,1493,995,0,0,0,0,0,0,24,
old,100,none,1,sort_change,11,2026-10-03T11:40:12.752Z,ok,0,rows 94->94,29.6,,,,,0,0,20499228,20176248,5571,3711,0,0,0,0,0,0,94,
old,100,none,1,initial_load,12,2026-10-03T11:40:14.791Z,ok,0,,483,483,483,108,476,13,1,17133712,13942076,4859,3112,1,77458,77127,94,11,3138161,94,
old,100,none,1,scroll_pages,12,2026-10-03T11:40:16.689Z,ok,0,,796.7,,,,,0,0,17264292,13950536,4859,3112,0,0,0,0,0,0,94,61
old,100,none,1,scroll_all,12,2026-10-03T11:40:18.653Z,ok,0,,331.3,,,,,0,0,17297316,13935748,4859,3112,0,0,0,0,0,0,94,94
old,100,none,1,filter_change,12,2026-10-03T11:40:20.371Z,ok,0,rows 94->24,19.7,,,,,0,0,20160316,14007840,1493,995,0,0,0,0,0,0,24,
old,100,none,1,sort_change,12,2026-10-03T11:40:22.104Z,ok,0,rows 94->94,31.1,,,,,0,0,20497272,20174156,5571,3711,0,0,0,0,0,0,94,
old,100,none,1,initial_load,13,2026-10-03T11:40:24.188Z,ok,0,,478.1,478.1,478.1,104,480,15,1,17149264,13935616,4859,3112,1,77458,77127,94,11,3138161,94,
old,100,none,1,scroll_pages,13,2026-10-03T11:40:26.086Z,ok,0,,780.4,,,,,0,0,17248584,13949820,4859,3112,0,0,0,0,0,0,94,61
old,100,none,1,scroll_all,13,2026-10-03T11:40:28.054Z,ok,0,,354.1,,,,,0,0,17283912,13935104,4859,3112,0,0,0,0,0,0,94,94
old,100,none,1,filter_change,13,2026-10-03T11:40:29.775Z,ok,0,rows 94->24,19.2,,,,,0,0,20109600,14002048,1493,995,0,0,0,0,0,0,24,
old,100,none,1,sort_change,13,2026-10-03T11:40:31.498Z,ok,0,rows 94->94,31.9,,,,,0,0,20497776,20174668,5571,3711,0,0,0,0,0,0,94,
old,100,none,1,initial_load,14,2026-10-03T11:40:33.583Z,ok,0,,485.2,485.2,485.2,116,640,18,1,17133508,13929840,4859,3112,1,77458,77127,94,11,3138161,94,
old,100,none,1,scroll_pages,14,2026-10-03T11:40:35.490Z,ok,0,,793.3,,,,,0,0,17241496,13940032,4859,3112,0,0,0,0,0,0,94,61
old,100,none,1,scroll_all,14,2026-10-03T11:40:37.437Z,ok,0,,321.7,,,,,0,0,17324340,13937604,4859,3112,0,0,0,0,0,0,94,94
old,100,none,1,filter_change,14,2026-10-03T11:40:39.124Z,ok,0,rows 94->24,17.1,,,,,0,0,20060292,14001476,1493,995,0,0,0,0,0,0,24,
old,100,none,1,sort_change,14,2026-10-03T11:40:40.852Z,ok,0,rows 94->94,30.4,,,,,0,0,20496392,20173372,5571,3711,0,0,0,0,0,0,94,
old,100,none,1,initial_load,15,2026-10-03T11:40:42.911Z,ok,0,,484.9,484.9,484.9,112,688,19,2,17178972,13934708,4859,3112,1,77458,77127,94,11,3138161,94,
old,100,none,1,scroll_pages,15,2026-10-03T11:40:44.819Z,ok,0,,803.8,,,,,0,0,17255528,13940860,4859,3112,0,0,0,0,0,0,94,61
old,100,none,1,scroll_all,15,2026-10-03T11:40:46.752Z,ok,0,,348,,,,,0,0,17272924,13937424,4859,3112,0,0,0,0,0,0,94,94
old,100,none,1,filter_change,15,2026-10-03T11:40:48.438Z,ok,0,rows 94->24,17.3,,,,,0,0,20023928,14000820,1493,995,0,0,0,0,0,0,24,
old,100,none,1,sort_change,15,2026-10-03T11:40:50.161Z,ok,0,rows 94->94,33.4,,,,,0,0,20493232,20168836,5571,3711,0,0,0,0,0,0,94,
old,100,none,1,initial_load,16,2026-10-03T11:40:52.210Z,ok,0,,489.1,489.1,489.1,124,596,17,1,17149920,13936392,4859,3112,1,77458,77127,94,11,3138161,94,
old,100,none,1,scroll_pages,16,2026-10-03T11:40:54.105Z,ok,0,,792.3,,,,,0,0,17215276,13948804,4859,3112,0,0,0,0,0,0,94,61
old,100,none,1,scroll_all,16,2026-10-03T11:40:56.052Z,ok,0,,325.3,,,,,0,0,17288956,13937484,4859,3112,0,0,0,0,0,0,94,94
old,100,none,1,filter_change,16,2026-10-03T11:40:57.747Z,ok,0,rows 94->24,19.6,,,,,0,0,20036984,14006816,1493,995,0,0,0,0,0,0,24,
old,100,none,1,sort_change,16,2026-10-03T11:40:59.485Z,ok,0,rows 94->94,29.3,,,,,0,0,20497376,20174400,5571,3711,0,0,0,0,0,0,94,
old,100,none,1,initial_load,17,2026-10-03T11:41:01.533Z,ok,0,,486.2,486.2,486.2,108,608,16,1,17161864,13935228,4859,3112,1,77458,77127,94,11,3138161,94,
old,100,none,1,scroll_pages,17,2026-10-03T11:41:03.405Z,ok,0,,794,,,,,0,0,17226372,13949112,4859,3112,0,0,0,0,0,0,94,61
old,100,none,1,scroll_all,17,2026-10-03T11:41:05.337Z,ok,0,,305,,,,,0,0,17324688,13945128,4859,3112,0,0,0,0,0,0,94,94
old,100,none,1,filter_change,17,2026-10-03T11:41:07.036Z,ok,0,rows 94->24,18.1,,,,,0,0,20077788,14005856,1493,995,0,0,0,0,0,0,24,
old,100,none,1,sort_change,17,2026-10-03T11:41:08.767Z,ok,0,rows 94->94,30,,,,,0,0,20496688,20173932,5571,3711,0,0,0,0,0,0,94,
old,100,none,1,initial_load,18,2026-10-03T11:41:10.818Z,ok,0,,489.9,489.9,489.9,116,476,23,1,17122560,13927728,4859,3112,1,77458,77127,94,11,3138161,94,
old,100,none,1,scroll_pages,18,2026-10-03T11:41:12.703Z,ok,0,,786.3,,,,,0,0,17236416,13942004,4859,3112,0,0,0,0,0,0,94,61
old,100,none,1,scroll_all,18,2026-10-03T11:41:14.618Z,ok,0,,337.2,,,,,0,0,17268404,13931716,4859,3112,0,0,0,0,0,0,94,94
old,100,none,1,filter_change,18,2026-10-03T11:41:16.304Z,ok,0,rows 94->24,19.5,,,,,0,0,20081608,14006200,1493,995,0,0,0,0,0,0,24,
old,100,none,1,sort_change,18,2026-10-03T11:41:18.030Z,ok,0,rows 94->94,28.9,,,,,0,0,20500648,20177580,5571,3711,0,0,0,0,0,0,94,
old,100,none,1,initial_load,19,2026-10-03T11:41:20.115Z,ok,0,,484.5,484.5,484.5,104,528,15,1,17103028,13940540,4859,3112,1,77458,77127,94,11,3138161,94,
old,100,none,1,scroll_pages,19,2026-10-03T11:41:22.017Z,ok,0,,785.3,,,,,0,0,17314440,13944396,4859,3112,0,0,0,0,0,0,94,61
old,100,none,1,scroll_all,19,2026-10-03T11:41:23.983Z,ok,0,,344.6,,,,,0,0,17316436,13945404,4859,3112,0,0,0,0,0,0,94,94
old,100,none,1,filter_change,19,2026-10-03T11:41:25.656Z,ok,0,rows 94->24,20.2,,,,,0,0,20038072,14000844,1493,995,0,0,0,0,0,0,24,
old,100,none,1,sort_change,19,2026-10-03T11:41:27.356Z,ok,0,rows 94->94,34.5,,,,,0,0,20499044,20174600,5571,3711,0,0,0,0,0,0,94,
old,100,none,1,initial_load,20,2026-10-03T11:41:29.439Z,ok,0,,483,483,483,120,472,14,1,17123200,13935820,4859,3112,1,77458,77127,94,11,3138161,94,
old,100,none,1,scroll_pages,20,2026-10-03T11:41:31.335Z,ok,0,,794.2,,,,,0,0,17214472,13940888,4859,3112,0,0,0,0,0,0,94,61
old,100,none,1,scroll_all,20,2026-10-03T11:41:33.236Z,ok,0,,327.9,,,,,0,0,17294652,13949568,4859,3112,0,0,0,0,0,0,94,94
old,100,none,1,filter_change,20,2026-10-03T11:41:34.937Z,ok,0,rows 94->24,18.2,,,,,0,0,20058532,14001920,1493,995,0,0,0,0,0,0,24,
old,100,none,1,sort_change,20,2026-10-03T11:41:36.666Z,ok,0,rows 94->94,33.3,,,,,0,0,20499112,20176020,5571,3711,0,0,0,0,0,0,94,
old,100,none,1,initial_load,21,2026-10-03T11:41:38.760Z,ok,0,,495.9,495.9,495.9,108,648,24,1,17159452,13943524,4859,3112,1,77458,77127,94,11,3138161,94,
old,100,none,1,scroll_pages,21,2026-10-03T11:41:40.666Z,ok,0,,785.2,,,,,0,0,17233008,13941880,4859,3112,0,0,0,0,0,0,94,61
old,100,none,1,scroll_all,21,2026-10-03T11:41:42.613Z,ok,0,,333.4,,,,,0,0,17309692,13941352,4859,3112,0,0,0,0,0,0,94,94
old,100,none,1,filter_change,21,2026-10-03T11:41:44.303Z,ok,0,rows 94->24,19.2,,,,,0,0,20033356,13998664,1493,995,0,0,0,0,0,0,24,
old,100,none,1,sort_change,21,2026-10-03T11:41:45.999Z,ok,0,rows 94->94,29.9,,,,,0,0,20499688,20175428,5571,3711,0,0,0,0,0,0,94,
old,100,none,1,initial_load,22,2026-10-03T11:41:48.083Z,ok,0,,486.9,486.9,486.9,100,480,20,1,17139076,13947468,4859,3112,1,77458,77127,94,11,3138161,94,
old,100,none,1,scroll_pages,22,2026-10-03T11:41:49.966Z,ok,0,,775.5,,,,,0,0,17198364,13943124,4859,3112,0,0,0,0,0,0,94,61
old,100,none,1,scroll_all,22,2026-10-03T11:41:51.913Z,ok,0,,333.7,,,,,0,0,17322940,13948856,4859,3112,0,0,0,0,0,0,94,94
old,100,none,1,filter_change,22,2026-10-03T11:41:53.567Z,ok,0,rows 94->24,17.7,,,,,0,0,20047840,14001576,1493,995,0,0,0,0,0,0,24,
old,100,none,1,sort_change,22,2026-10-03T11:41:55.308Z,ok,0,rows 94->94,30.1,,,,,0,0,20498152,20174944,5571,3711,0,0,0,0,0,0,94,
old,100,none,1,initial_load,23,2026-10-03T11:41:57.397Z,ok,0,,484.2,484.2,484.2,112,488,20,1,17104728,13940836,4859,3112,1,77458,77127,94,11,3138161,94,
old,100,none,1,scroll_pages,23,2026-10-03T11:41:59.284Z,ok,0,,774.3,,,,,0,0,17181604,13943084,4859,3112,0,0,0,0,0,0,94,61
old,100,none,1,scroll_all,23,2026-10-03T11:42:01.249Z,ok,0,,375.1,,,,,0,0,17289224,13943116,4859,3112,0,0,0,0,0,0,94,94
old,100,none,1,filter_change,23,2026-10-03T11:42:02.932Z,ok,0,rows 94->24,17.9,,,,,0,0,20064736,14000344,1493,995,0,0,0,0,0,0,24,
old,100,none,1,sort_change,23,2026-10-03T11:42:04.657Z,ok,0,rows 94->94,30.1,,,,,0,0,20497924,20174824,5571,3711,0,0,0,0,0,0,94,
old,100,none,1,initial_load,24,2026-10-03T11:42:06.752Z,ok,0,,490.3,490.3,490.3,120,544,21,1,17136092,13951500,4859,3112,1,77458,77127,94,11,3138161,94,
old,100,none,1,scroll_pages,24,2026-10-03T11:42:08.648Z,ok,0,,795.4,,,,,0,0,17169024,13948968,4859,3112,0,0,0,0,0,0,94,61
old,100,none,1,scroll_all,24,2026-10-03T11:42:10.629Z,ok,0,,350.2,,,,,0,0,17274876,13936980,4859,3112,0,0,0,0,0,0,94,94
old,100,none,1,filter_change,24,2026-10-03T11:42:12.348Z,ok,0,rows 94->24,17.6,,,,,0,0,20080956,14006624,1493,995,0,0,0,0,0,0,24,
old,100,none,1,sort_change,24,2026-10-03T11:42:14.064Z,ok,0,rows 94->94,31.3,,,,,0,0,20494828,20171264,5571,3711,0,0,0,0,0,0,94,
old,100,none,1,initial_load,25,2026-10-03T11:42:16.143Z,ok,0,,482.1,482.1,482.1,108,472,18,1,17123324,13925544,4859,3112,1,77458,77127,94,11,3138161,94,
old,100,none,1,scroll_pages,25,2026-10-03T11:42:17.996Z,ok,0,,788,,,,,0,0,17215588,13949092,4859,3112,0,0,0,0,0,0,94,61
old,100,none,1,scroll_all,25,2026-10-03T11:42:19.943Z,ok,0,,336.2,,,,,0,0,17261424,13937136,4859,3112,0,0,0,0,0,0,94,94
old,100,none,1,filter_change,25,2026-10-03T11:42:21.632Z,ok,0,rows 94->24,18,,,,,0,0,20107068,14007684,1493,995,0,0,0,0,0,0,24,
old,100,none,1,sort_change,25,2026-10-03T11:42:23.321Z,ok,0,rows 94->94,31.6,,,,,0,0,20514388,20174864,5571,3711,0,0,0,0,0,0,94,
old,100,none,1,initial_load,26,2026-10-03T11:42:25.368Z,ok,0,,491.1,491.1,491.1,112,672,20,1,17063196,13940076,4859,3112,1,77458,77127,94,11,3138161,94,
old,100,none,1,scroll_pages,26,2026-10-03T11:42:27.230Z,ok,0,,785.2,,,,,0,0,17234108,13941480,4859,3112,0,0,0,0,0,0,94,61
old,100,none,1,scroll_all,26,2026-10-03T11:42:29.127Z,ok,0,,307.4,,,,,0,0,17269492,13939796,4859,3112,0,0,0,0,0,0,94,94
old,100,none,1,filter_change,26,2026-10-03T11:42:30.816Z,ok,0,rows 94->24,17.4,,,,,0,0,20056280,14002064,1493,995,0,0,0,0,0,0,24,
old,100,none,1,sort_change,26,2026-10-03T11:42:32.566Z,ok,0,rows 94->94,33.3,,,,,0,0,20491592,20168552,5571,3711,0,0,0,0,0,0,94,
old,100,none,1,initial_load,27,2026-10-03T11:42:34.645Z,ok,0,,485.2,485.2,485.2,120,476,21,1,17080216,13940972,4859,3112,1,77458,77127,94,11,3138161,94,
old,100,none,1,scroll_pages,27,2026-10-03T11:42:36.513Z,ok,0,,801.6,,,,,0,0,17257496,13937100,4859,3112,0,0,0,0,0,0,94,61
old,100,none,1,scroll_all,27,2026-10-03T11:42:38.427Z,ok,0,,336.2,,,,,0,0,17294108,13933744,4859,3112,0,0,0,0,0,0,94,94
old,100,none,1,filter_change,27,2026-10-03T11:42:40.111Z,ok,0,rows 94->24,18.3,,,,,0,0,20088916,14006208,1493,995,0,0,0,0,0,0,24,
old,100,none,1,sort_change,27,2026-10-03T11:42:41.798Z,ok,0,rows 94->94,29.5,,,,,0,0,20482596,20143152,5571,3711,0,0,0,0,0,0,94,
old,100,none,1,initial_load,28,2026-10-03T11:42:43.887Z,ok,0,,487.9,487.9,487.9,108,480,18,1,17106048,13934040,4859,3112,1,77458,77127,94,11,3138161,94,
old,100,none,1,scroll_pages,28,2026-10-03T11:42:45.798Z,ok,0,,798.9,,,,,0,0,17287052,13952024,4859,3112,0,0,0,0,0,0,94,61
old,100,none,1,scroll_all,28,2026-10-03T11:42:47.741Z,ok,0,,359.7,,,,,0,0,17255652,13938860,4859,3112,0,0,0,0,0,0,94,94
old,100,none,1,filter_change,28,2026-10-03T11:42:49.397Z,ok,0,rows 94->24,18.2,,,,,0,0,20002916,13999496,1493,995,0,0,0,0,0,0,24,
old,100,none,1,sort_change,28,2026-10-03T11:42:51.123Z,ok,0,rows 94->94,29,,,,,0,0,20497212,20173792,5571,3711,0,0,0,0,0,0,94,
old,100,none,1,initial_load,29,2026-10-03T11:42:53.224Z,ok,0,,497.6,497.6,497.6,108,492,24,1,17087872,13941884,4859,3112,1,77458,77127,94,11,3138161,94,
old,100,none,1,scroll_pages,29,2026-10-03T11:42:55.078Z,ok,0,,813.3,,,,,0,0,17177660,13949496,4859,3112,0,0,0,0,0,0,94,61
old,100,none,1,scroll_all,29,2026-10-03T11:42:57.059Z,ok,0,,353.7,,,,,0,0,17288336,13943324,4859,3112,0,0,0,0,0,0,94,94
old,100,none,1,filter_change,29,2026-10-03T11:42:58.733Z,ok,0,rows 94->24,17.5,,,,,0,0,19988688,14004768,1493,995,0,0,0,0,0,0,24,
old,100,none,1,sort_change,29,2026-10-03T11:43:00.472Z,ok,0,rows 94->94,30.3,,,,,0,0,20496784,20173772,5571,3711,0,0,0,0,0,0,94,
old,100,none,1,initial_load,30,2026-10-03T11:43:02.558Z,ok,0,,481.2,481.2,481.2,108,468,15,1,17059040,13933784,4859,3112,1,77458,77127,94,11,3138161,94,
old,100,none,1,scroll_pages,30,2026-10-03T11:43:04.442Z,ok,0,,783.8,,,,,0,0,17235256,13943856,4859,3112,0,0,0,0,0,0,94,61
old,100,none,1,scroll_all,30,2026-10-03T11:43:06.408Z,ok,0,,333.3,,,,,0,0,17364540,13943476,4859,3112,0,0,0,0,0,0,94,94
old,100,none,1,filter_change,30,2026-10-03T11:43:08.062Z,ok,0,rows 94->24,17.6,,,,,0,0,20073412,14001724,1493,995,0,0,0,0,0,0,24,
old,100,none,1,sort_change,30,2026-10-03T11:43:09.782Z,ok,0,rows 94->94,32.2,,,,,0,0,20467488,20144128,5571,3711,0,0,0,0,0,0,94,
old,1000,none,1,initial_load,1,2026-10-03T11:44:32.622Z,ok,0,,2413.1,2413.1,2413.1,112,2796,18,1,49953204,49707008,45652,28903,1,754936,753629,916,12,3815928,916,
old,1000,none,1,scroll_pages,1,2026-10-03T11:44:36.495Z,ok,0,,759.1,,,,,0,0,50053688,49715796,45652,28903,0,0,0,0,1,289,916,62
old,1000,none,1,scroll_all,1,2026-10-03T11:44:43.593Z,ok,0,,3473.1,,,,,0,0,50566964,49727328,45652,28903,0,0,0,0,2,578,916,916
old,1000,none,1,filter_change,1,2026-10-03T11:44:47.431Z,ok,0,rows 916->222,67,,,,,0,0,65636432,34202600,11320,7208,0,0,0,0,1,289,222,
old,1000,none,1,sort_change,1,2026-10-03T11:44:51.898Z,ok,0,rows 916->916,381.9,,,,,0,0,124597096,89698628,50543,33084,0,0,0,0,0,0,916,
old,1000,none,1,initial_load,2,2026-10-03T11:44:55.994Z,ok,0,,2394.8,2394.8,2394.8,108,2704,16,1,49953940,49717024,45652,28903,1,754936,753629,916,12,3815928,916,
old,1000,none,1,scroll_pages,2,2026-10-03T11:44:59.836Z,ok,0,,763.8,,,,,0,0,50059776,49722164,45652,28903,0,0,0,0,1,289,916,62
old,1000,none,1,scroll_all,2,2026-10-03T11:45:06.876Z,ok,0,,3406.6,,,,,0,0,50569784,49732456,45652,28903,0,0,0,0,2,578,916,916
old,1000,none,1,filter_change,2,2026-10-03T11:45:10.648Z,ok,0,rows 916->222,56.7,,,,,0,0,65741740,34226508,11320,7208,0,0,0,0,1,289,222,
old,1000,none,1,sort_change,2,2026-10-03T11:45:15.136Z,ok,0,rows 916->916,406.5,,,,,0,0,124614568,89696924,50543,33084,0,0,0,0,0,0,916,
old,1000,none,1,initial_load,3,2026-10-03T11:45:19.251Z,ok,0,,2405.9,2405.9,2405.9,120,2700,158,2,49951744,49713688,45652,28903,1,754936,753629,916,12,3815928,916,
old,1000,none,1,scroll_pages,3,2026-10-03T11:45:23.212Z,ok,0,,884.9,,,,,0,0,50055576,49721800,45652,28903,0,0,0,0,1,289,916,62
old,1000,none,1,scroll_all,3,2026-10-03T11:45:30.177Z,ok,0,,3371.5,,,,,0,0,50573192,49735780,45652,28903,0,0,0,0,2,578,916,916
old,1000,none,1,filter_change,3,2026-10-03T11:45:33.957Z,ok,0,rows 916->222,59.2,,,,,0,0,89148116,34331624,11320,7208,0,0,0,0,1,289,222,
old,1000,none,1,sort_change,3,2026-10-03T11:45:38.513Z,ok,0,rows 916->916,388.8,,,,,0,0,124865792,89690460,50543,33084,0,0,0,0,0,0,916,
old,1000,none,1,initial_load,4,2026-10-03T11:45:42.601Z,ok,0,,2404.6,2404.6,2404.6,124,472,154,2,49953356,49715416,45652,28903,1,754936,753629,916,12,3815928,916,
old,1000,none,1,scroll_pages,4,2026-10-03T11:45:46.483Z,ok,0,,778.7,,,,,0,0,50074528,49736068,45652,28903,0,0,0,0,1,289,916,62
old,1000,none,1,scroll_all,4,2026-10-03T11:45:53.571Z,ok,0,,3470.4,,,,,0,0,50569780,49729844,45652,28903,0,0,0,0,2,578,916,916
old,1000,none,1,filter_change,4,2026-10-03T11:45:57.330Z,ok,0,rows 916->222,76,,,,,26,1,65551340,34212868,11320,7208,0,0,0,0,1,289,222,
old,1000,none,1,sort_change,4,2026-10-03T11:46:01.895Z,ok,0,rows 916->916,395.1,,,,,0,0,124629832,89700404,50543,33084,0,0,0,0,0,0,916,
old,1000,none,1,initial_load,5,2026-10-03T11:46:06.022Z,ok,0,,2413,2413,2413,128,2756,182,2,49949380,49712364,45652,28903,1,754936,753629,916,12,3815928,916,
old,1000,none,1,scroll_pages,5,2026-10-03T11:46:09.903Z,ok,0,,784,,,,,0,0,50058488,49721236,45652,28903,0,0,0,0,1,289,916,62
old,1000,none,1,scroll_all,5,2026-10-03T11:46:16.940Z,ok,0,,3434.4,,,,,0,0,50561840,49732568,45652,28903,0,0,0,0,2,578,916,916
old,1000,none,1,filter_change,5,2026-10-03T11:46:20.800Z,ok,0,rows 916->222,67,,,,,0,0,65522544,34202512,11320,7208,0,0,0,0,1,289,222,
old,1000,none,1,sort_change,5,2026-10-03T11:46:25.253Z,ok,0,rows 916->916,389.9,,,,,0,0,124583600,89703636,50543,33084,0,0,0,0,0,0,916,
old,1000,none,1,initial_load,6,2026-10-03T11:46:29.362Z,ok,0,,2413.4,2413.4,2413.4,112,2724,14,1,49948152,49711592,45652,28903,1,754936,753629,916,12,3815928,916,
old,1000,none,1,scroll_pages,6,2026-10-03T11:46:33.224Z,ok,0,,750.2,,,,,0,0,66034960,49726864,45652,28903,0,0,0,0,1,289,916,62
old,1000,none,1,scroll_all,6,2026-10-03T11:46:40.256Z,ok,0,,3416.6,,,,,0,0,50573376,49731612,45652,28903,0,0,0,0,2,578,916,916
old,1000,none,1,filter_change,6,2026-10-03T11:46:44.000Z,ok,0,rows 916->222,68.6,,,,,0,0,65713640,34215036,11320,7208,0,0,0,0,1,289,222,
old,1000,none,1,sort_change,6,2026-10-03T11:46:48.490Z,ok,0,rows 916->916,390.5,,,,,0,0,124633364,89703820,50543,33084,0,0,0,0,0,0,916,
old,1000,none,1,initial_load,7,2026-10-03T11:46:52.589Z,ok,0,,2393.9,2393.9,2393.9,132,2764,154,2,49960328,49716524,45652,28903,1,754936,753629,916,12,3815928,916,
old,1000,none,1,scroll_pages,7,2026-10-03T11:46:56.465Z,ok,0,,767.6,,,,,0,0,50066496,49727972,45652,28903,0,0,0,0,1,289,916,62
old,1000,none,1,scroll_all,7,2026-10-03T11:47:03.494Z,ok,0,,3408.6,,,,,0,0,50574156,49733084,45652,28903,0,0,0,0,2,578,916,916
old,1000,none,1,filter_change,7,2026-10-03T11:47:07.294Z,ok,0,rows 916->222,71.1,,,,,0,0,65690624,34218936,11320,7208,0,0,0,0,1,289,222,
old,1000,none,1,sort_change,7,2026-10-03T11:47:11.783Z,ok,0,rows 916->916,391.9,,,,,0,0,124592952,89701988,50543,33084,0,0,0,0,0,0,916,
old,1000,none,1,initial_load,8,2026-10-03T11:47:15.888Z,ok,0,,2401.2,2401.2,2401.2,108,484,17,1,49943340,49705664,45652,28903,1,754936,753629,916,12,3815928,916,
old,1000,none,1,scroll_pages,8,2026-10-03T11:47:19.772Z,ok,0,,774.3,,,,,0,0,50060636,49723336,45652,28903,0,0,0,0,1,289,916,62
old,1000,none,1,scroll_all,8,2026-10-03T11:47:26.917Z,ok,0,,3525.1,,,,,0,0,50574244,49727964,45652,28903,0,0,0,0,2,578,916,916
old,1000,none,1,filter_change,8,2026-10-03T11:47:30.691Z,ok,0,rows 916->222,70.7,,,,,0,0,65501424,34168644,11320,7208,0,0,0,0,1,289,222,
old,1000,none,1,sort_change,8,2026-10-03T11:47:35.146Z,ok,0,rows 916->916,385.2,,,,,0,0,124591712,89703172,50543,33084,0,0,0,0,0,0,916,
old,1000,none,1,initial_load,9,2026-10-03T11:47:39.238Z,ok,0,,2393.3,2393.3,2393.3,108,2692,144,2,49943424,49706232,45652,28903,1,754936,753629,916,12,3815928,916,
old,1000,none,1,scroll_pages,9,2026-10-03T11:47:43.094Z,ok,0,,774.2,,,,,0,0,50060448,49723228,45652,28903,0,0,0,0,1,289,916,62
old,1000,none,1,scroll_all,9,2026-10-03T11:47:50.115Z,ok,0,,3427.2,,,,,0,0,50561604,49727524,45652,28903,0,0,0,0,2,578,916,916
old,1000,none,1,filter_change,9,2026-10-03T11:47:53.910Z,ok,0,rows 916->222,70.4,,,,,20,1,88593976,34261964,11320,7208,0,0,0,0,1,289,222,
old,1000,none,1,sort_change,9,2026-10-03T11:47:58.520Z,ok,0,rows 916->916,389.6,,,,,0,0,124904056,89686048,50543,33084,0,0,0,0,0,0,916,
old,1000,none,1,initial_load,10,2026-10-03T11:48:02.601Z,ok,0,,2392.2,2392.2,2392.2,120,2676,157,2,49950424,49713184,45652,28903,1,754936,753629,916,12,3815928,916,
old,1000,none,1,scroll_pages,10,2026-10-03T11:48:06.473Z,ok,0,,770.1,,,,,0,0,50068984,49730708,45652,28903,0,0,0,0,1,289,916,62
old,1000,none,1,scroll_all,10,2026-10-03T11:48:13.524Z,ok,0,,3430.3,,,,,0,0,67058400,49737936,45652,28903,0,0,0,0,2,578,916,916
old,1000,none,1,filter_change,10,2026-10-03T11:48:17.411Z,ok,0,rows 916->222,75,,,,,0,0,65859148,34222264,11320,7208,0,0,0,0,1,289,222,
old,1000,none,1,sort_change,10,2026-10-03T11:48:21.871Z,ok,0,rows 916->916,398.7,,,,,0,0,124616704,89703648,50543,33084,0,0,0,0,0,0,916,
old,1000,none,1,initial_load,11,2026-10-03T11:48:25.948Z,ok,0,,2393,2393,2393,120,2680,157,2,49956608,49713680,45652,28903,1,754944,753629,916,12,3815936,916,
old,1000,none,1,scroll_pages,11,2026-10-03T11:48:29.815Z,ok,0,,744.6,,,,,0,0,67610272,49730496,45652,28903,0,0,0,0,1,289,916,62
old,1000,none,1,scroll_all,11,2026-10-03T11:48:36.906Z,ok,0,,3439.8,,,,,0,0,50940276,49733432,45652,28903,0,0,0,0,2,578,916,916
old,1000,none,1,filter_change,11,2026-10-03T11:48:40.672Z,ok,0,rows 916->222,68.2,,,,,0,0,65688944,34220440,11320,7208,0,0,0,0,1,289,222,
old,1000,none,1,sort_change,11,2026-10-03T11:48:45.112Z,ok,0,rows 916->916,383.4,,,,,0,0,124588028,89702780,50543,33084,0,0,0,0,0,0,916,
old,1000,none,1,initial_load,12,2026-10-03T11:48:49.198Z,ok,0,,2396.2,2396.2,2396.2,108,2676,150,2,49955156,49716868,45652,28903,1,754936,753629,916,12,3815928,916,
old,1000,none,1,scroll_pages,12,2026-10-03T11:48:53.099Z,ok,0,,775.6,,,,,0,0,67073512,49729696,45652,28903,0,0,0,0,1,289,916,62
old,1000,none,1,scroll_all,12,2026-10-03T11:49:00.154Z,ok,0,,3457.5,,,,,0,0,50568596,49736408,45652,28903,0,0,0,0,2,578,916,916
old,1000,none,1,filter_change,12,2026-10-03T11:49:03.940Z,ok,0,rows 916->222,68.4,,,,,0,0,65603636,34211604,11320,7208,0,0,0,0,1,289,222,
old,1000,none,1,sort_change,12,2026-10-03T11:49:08.427Z,ok,0,rows 916->916,398,,,,,0,0,125206524,89739604,50543,33084,0,0,0,0,0,0,916,
old,1000,none,1,initial_load,13,2026-10-03T11:49:12.520Z,ok,0,,2395.1,2395.1,2395.1,108,480,170,2,49945440,49707912,45652,28903,1,754936,753629,916,12,3815928,916,
old,1000,none,1,scroll_pages,13,2026-10-03T11:49:16.436Z,ok,0,,779.5,,,,,0,0,50065840,49726744,45652,28903,0,0,0,0,1,289,916,62
old,1000,none,1,scroll_all,13,2026-10-03T11:49:23.457Z,ok,0,,3412.5,,,,,0,0,50568044,49732676,45652,28903,0,0,0,0,2,578,916,916
old,1000,none,1,filter_change,13,2026-10-03T11:49:27.281Z,ok,0,rows 916->222,69.8,,,,,0,0,65747628,34217680,11320,7208,0,0,0,0,1,289,222,
old,1000,none,1,sort_change,13,2026-10-03T11:49:31.791Z,ok,0,rows 916->916,380.7,,,,,0,0,124913876,89700064,50543,33084,0,0,0,0,0,0,916,
old,1000,none,1,initial_load,14,2026-10-03T11:49:35.912Z,ok,0,,2413.4,2413.4,2413.4,108,2796,170,2,49942412,49704832,45652,28903,1,754936,753629,916,12,3815928,916,
old,1000,none,1,scroll_pages,14,2026-10-03T11:49:39.811Z,ok,0,,755.4,,,,,0,0,67889668,49723408,45652,28903,0,0,0,0,1,289,916,62
old,1000,none,1,scroll_all,14,2026-10-03T11:49:46.889Z,ok,0,,3434.7,,,,,0,0,50580328,49738544,45652,28903,0,0,0,0,2,578,916,916
old,1000,none,1,filter_change,14,2026-10-03T11:49:50.664Z,ok,0,rows 916->222,73.3,,,,,0,0,65568092,34181092,11320,7208,0,0,0,0,1,289,222,
old,1000,none,1,sort_change,14,2026-10-03T11:49:55.131Z,ok,0,rows 916->916,400.3,,,,,0,0,124630920,89705440,50543,33084,0,0,0,0,0,0,916,
old,1000,none,1,initial_load,15,2026-10-03T11:49:59.253Z,ok,0,,2417.8,2417.8,2417.8,124,2728,29,1,49947224,49709388,45652,28903,1,754936,753629,916,12,3815928,916,
old,1000,none,1,scroll_pages,15,2026-10-03T11:50:03.100Z,ok,0,,768.9,,,,,0,0,50061996,49718304,45652,28903,0,0,0,0,1,289,916,62
old,1000,none,1,scroll_all,15,2026-10-03T11:50:10.191Z,ok,0,,3479.8,,,,,0,0,50576212,49736056,45652,28903,0,0,0,0,2,578,916,916
old,1000,none,1,filter_change,15,2026-10-03T11:50:13.929Z,ok,0,rows 916->222,69.7,,,,,0,0,65701008,34225188,11320,7208,0,0,0,0,1,289,222,
old,1000,none,1,sort_change,15,2026-10-03T11:50:18.449Z,ok,0,rows 916->916,401.7,,,,,0,0,124588956,89704368,50543,33084,0,0,0,0,0,0,916,
old,1000,none,1,initial_load,16,2026-10-03T11:50:22.567Z,ok,0,,2400.7,2400.7,2400.7,112,484,16,1,49949636,49712452,45652,28903,1,754936,753629,916,12,3815928,916,
old,1000,none,1,scroll_pages,16,2026-10-03T11:50:26.435Z,ok,0,,780.5,,,,,0,0,50057612,49718984,45652,28903,0,0,0,0,1,289,916,62
old,1000,none,1,scroll_all,16,2026-10-03T11:50:33.483Z,ok,0,,3397.7,,,,,0,0,67454228,49741636,45652,28903,0,0,0,0,2,578,916,916
old,1000,none,1,filter_change,16,2026-10-03T11:50:37.363Z,ok,0,rows 916->222,62.7,,,,,12,1,89362080,34321564,11320,7208,0,0,0,0,1,289,222,
old,1000,none,1,sort_change,16,2026-10-03T11:50:41.829Z,ok,0,rows 916->916,383.5,,,,,0,0,124585232,89707472,50543,33084,0,0,0,0,0,0,916,
old,1000,none,1,initial_load,17,2026-10-03T11:50:45.947Z,ok,0,,2412.9,2412.9,2412.9,108,2728,18,1,49941784,49704012,45652,28903,1,754936,753629,916,12,3815928,916,
old,1000,none,1,scroll_pages,17,2026-10-03T11:50:49.971Z,ok,0,,870.6,,,,,0,0,50063244,49724696,45652,28903,0,0,0,0,1,289,916,62
old,1000,none,1,scroll_all,17,2026-10-03T11:50:57.006Z,ok,0,,3419.4,,,,,0,0,50576784,49735376,45652,28903,0,0,0,0,2,578,916,916
old,1000,none,1,filter_change,17,2026-10-03T11:51:00.819Z,ok,0,rows 916->222,63.9,,,,,0,0,87175920,34275632,11320,7208,0,0,0,0,1,289,222,
old,1000,none,1,sort_change,17,2026-10-03T11:51:05.338Z,ok,0,rows 916->916,399.6,,,,,0,0,124554796,89694764,50543,33084,0,0,0,0,0,0,916,
old,1000,none,1,initial_load,18,2026-10-03T11:51:09.433Z,ok,0,,2399.4,2399.4,2399.4,128,2676,166,2,49950580,49713392,45652,28903,1,754936,753629,916,12,3815928,916,
old,1000,none,1,scroll_pages,18,2026-10-03T11:51:13.305Z,ok,0,,770.6,,,,,0,0,70597004,49728188,45652,28903,0,0,0,0,1,289,916,62
old,1000,none,1,scroll_all,18,2026-10-03T11:51:20.444Z,ok,0,,3505.9,,,,,0,0,50887104,49736600,45652,28903,0,0,0,0,2,578,916,916
old,1000,none,1,filter_change,18,2026-10-03T11:51:24.220Z,ok,0,rows 916->222,69.8,,,,,0,0,65646056,34216152,11320,7208,0,0,0,0,1,289,222,
old,1000,none,1,sort_change,18,2026-10-03T11:51:28.817Z,ok,0,rows 916->916,391.9,,,,,0,0,124980176,89695488,50543,33084,0,0,0,0,0,0,916,
old,1000,none,1,initial_load,19,2026-10-03T11:51:32.911Z,ok,0,,2401.3,2401.3,2401.3,124,488,21,1,49947564,49705236,45652,28903,1,754936,753629,916,12,3815928,916,
old,1000,none,1,scroll_pages,19,2026-10-03T11:51:36.855Z,ok,0,,830.5,,,,,0,0,50076816,49738504,45652,28903,0,0,0,0,1,289,916,62
old,1000,none,1,scroll_all,19,2026-10-03T11:51:43.950Z,ok,0,,3457.7,,,,,0,0,50573788,49733244,45652,28903,0,0,0,0,2,578,916,916
old,1000,none,1,filter_change,19,2026-10-03T11:51:47.690Z,ok,0,rows 916->222,63.3,,,,,0,0,65610116,34214248,11320,7208,0,0,0,0,1,289,222,
old,1000,none,1,sort_change,19,2026-10-03T11:51:52.130Z,ok,0,rows 916->916,381.4,,,,,0,0,124594332,89695496,50543,33084,0,0,0,0,0,0,916,
old,1000,none,1,initial_load,20,2026-10-03T11:51:56.253Z,ok,0,,2409.2,2409.2,2409.2,128,2716,28,1,49953252,49715940,45652,28903,1,754936,753629,916,12,3815928,916,
old,1000,none,1,scroll_pages,20,2026-10-03T11:52:00.098Z,ok,0,,740.1,,,,,0,0,50055740,49719196,45652,28903,0,0,0,0,1,289,916,62
old,1000,none,1,scroll_all,20,2026-10-03T11:52:07.123Z,ok,0,,3404.1,,,,,0,0,50581172,49733380,45652,28903,0,0,0,0,2,578,916,916
old,1000,none,1,filter_change,20,2026-10-03T11:52:10.910Z,ok,0,rows 916->222,63.7,,,,,0,0,65644616,34223268,11320,7208,0,0,0,0,1,289,222,
old,1000,none,1,sort_change,20,2026-10-03T11:52:15.456Z,ok,0,rows 916->916,401.4,,,,,0,0,124945856,89692856,50543,33084,0,0,0,0,0,0,916,
old,1000,none,1,initial_load,21,2026-10-03T11:52:19.524Z,ok,0,,2386,2386,2386,104,476,155,2,49955076,49718444,45652,28903,1,754936,753629,916,12,3815928,916,
old,1000,none,1,scroll_pages,21,2026-10-03T11:52:23.387Z,ok,0,,769.2,,,,,0,0,50072388,49733980,45652,28903,0,0,0,0,1,289,916,62
old,1000,none,1,scroll_all,21,2026-10-03T11:52:30.568Z,ok,0,,3529.3,,,,,0,0,50571504,49731644,45652,28903,0,0,0,0,2,578,916,916
old,1000,none,1,filter_change,21,2026-10-03T11:52:34.383Z,ok,0,rows 916->222,69.2,,,,,0,0,65706996,34220852,11320,7208,0,0,0,0,1,289,222,
old,1000,none,1,sort_change,21,2026-10-03T11:52:38.896Z,ok,0,rows 916->916,390.8,,,,,0,0,124595088,89695340,50543,33084,0,0,0,0,0,0,916,
old,1000,none,1,initial_load,22,2026-10-03T11:52:43.026Z,ok,0,,2423.2,2423.2,2423.2,120,2716,155,2,49945620,49708412,45652,28903,1,754936,753629,916,12,3815928,916,
old,1000,none,1,scroll_pages,22,2026-10-03T11:52:46.900Z,ok,0,,742,,,,,0,0,50065228,49726776,45652,28903,0,0,0,0,1,289,916,62
old,1000,none,1,scroll_all,22,2026-10-03T11:52:54.025Z,ok,0,,3485,,,,,0,0,50569000,49728804,45652,28903,0,0,0,0,2,578,916,916
old,1000,none,1,filter_change,22,2026-10-03T11:52:57.889Z,ok,0,rows 916->222,70.8,,,,,0,0,65849376,34194260,11320,7208,0,0,0,0,1,289,222,
old,1000,none,1,sort_change,22,2026-10-03T11:53:02.385Z,ok,0,rows 916->916,397.2,,,,,0,0,124645880,89700996,50543,33084,0,0,0,0,0,0,916,
old,1000,none,1,initial_load,23,2026-10-03T11:53:06.516Z,ok,0,,2411.1,2411.1,2411.1,112,2760,174,2,66388360,49708064,45652,28903,1,754936,753629,916,12,3815928,916,
old,1000,none,1,scroll_pages,23,2026-10-03T11:53:10.390Z,ok,0,,774.1,,,,,0,0,50065620,49728644,45652,28903,0,0,0,0,1,289,916,62
old,1000,none,1,scroll_all,23,2026-10-03T11:53:17.434Z,ok,0,,3427.3,,,,,0,0,50561072,49731492,45652,28903,0,0,0,0,2,578,916,916
old,1000,none,1,filter_change,23,2026-10-03T11:53:21.174Z,ok,0,rows 916->222,58.1,,,,,0,0,65566008,34215280,11320,7208,0,0,0,0,1,289,222,
old,1000,none,1,sort_change,23,2026-10-03T11:53:25.766Z,ok,0,rows 916->916,403.5,,,,,0,0,124531340,89704624,50543,33084,0,0,0,0,0,0,916,
old,1000,none,1,initial_load,24,2026-10-03T11:53:29.880Z,ok,0,,2412.3,2412.3,2412.3,112,2808,18,1,50261700,49708072,45652,28903,1,754944,753629,916,12,3815936,916,
old,1000,none,1,scroll_pages,24,2026-10-03T11:53:33.751Z,ok,0,,783.2,,,,,0,0,50064644,49721316,45652,28903,0,0,0,0,1,289,916,62
old,1000,none,1,scroll_all,24,2026-10-03T11:53:40.797Z,ok,0,,3408.2,,,,,0,0,50556492,49719460,45652,28903,0,0,0,0,2,578,916,916
old,1000,none,1,filter_change,24,2026-10-03T11:53:44.545Z,ok,0,rows 916->222,72,,,,,0,0,65873868,34217920,11320,7208,0,0,0,0,1,289,222,
old,1000,none,1,sort_change,24,2026-10-03T11:53:49.110Z,ok,0,rows 916->916,403.4,,,,,0,0,124845752,89690896,50543,33084,0,0,0,0,0,0,916,
old,1000,none,1,initial_load,25,2026-10-03T11:53:53.229Z,ok,0,,2397,2397,2397,116,2708,20,1,49952284,49715412,45652,28903,1,754936,753629,916,12,3815928,916,
old,1000,none,1,scroll_pages,25,2026-10-03T11:53:57.135Z,ok,0,,802.2,,,,,0,0,50057256,49719096,45652,28903,0,0,0,0,1,289,916,62
old,1000,none,1,scroll_all,25,2026-10-03T11:54:04.132Z,ok,0,,3404.3,,,,,0,0,50575268,49733612,45652,28903,0,0,0,0,2,578,916,916
old,1000,none,1,filter_change,25,2026-10-03T11:54:07.902Z,ok,0,rows 916->222,68.1,,,,,0,0,65603504,34210248,11320,7208,0,0,0,0,1,289,222,
old,1000,none,1,sort_change,25,2026-10-03T11:54:12.335Z,ok,0,rows 916->916,381.9,,,,,332,1,124620788,89703460,50543,33084,0,0,0,0,0,0,916,
old,1000,none,1,initial_load,26,2026-10-03T11:54:16.451Z,ok,0,,2407.9,2407.9,2407.9,116,2760,20,1,49943652,49706144,45652,28903,1,754936,753629,916,12,3815928,916,
old,1000,none,1,scroll_pages,26,2026-10-03T11:54:20.320Z,ok,0,,770.6,,,,,0,0,50065788,49728876,45652,28903,0,0,0,0,1,289,916,62
old,1000,none,1,scroll_all,26,2026-10-03T11:54:27.334Z,ok,0,,3410.7,,,,,0,0,50574044,49733036,45652,28903,0,0,0,0,2,578,916,916
old,1000,none,1,filter_change,26,2026-10-03T11:54:31.104Z,ok,0,rows 916->222,62,,,,,0,0,65651680,34218936,11320,7208,0,0,0,0,1,289,222,
old,1000,none,1,sort_change,26,2026-10-03T11:54:35.655Z,ok,0,rows 916->916,384.6,,,,,0,0,124661668,89700220,50543,33084,0,0,0,0,0,0,916,
old,1000,none,1,initial_load,27,2026-10-03T11:54:39.793Z,ok,0,,2458.4,2458.4,2458.4,120,464,153,2,49948452,49711456,45652,28903,1,754936,753629,916,12,3815928,916,
old,1000,none,1,scroll_pages,27,2026-10-03T11:54:43.800Z,ok,0,,852.8,,,,,0,0,66084732,49727396,45652,28903,0,0,0,0,1,289,916,62
old,1000,none,1,scroll_all,27,2026-10-03T11:54:50.870Z,ok,0,,3453.5,,,,,0,0,50568536,49729272,45652,28903,0,0,0,0,2,578,916,916
old,1000,none,1,filter_change,27,2026-10-03T11:54:54.691Z,ok,0,rows 916->222,75.3,,,,,25,1,65709604,34209740,11320,7208,0,0,0,0,1,289,222,
old,1000,none,1,sort_change,27,2026-10-03T11:54:59.152Z,ok,0,rows 916->916,346.8,,,,,0,0,125292868,90228920,50543,33084,0,0,0,0,0,0,916,
old,1000,none,1,initial_load,28,2026-10-03T11:55:03.289Z,ok,0,,2431.9,2431.9,2431.9,124,616,23,1,66027696,49711940,45652,28903,1,754936,753629,916,12,3815928,916,
old,1000,none,1,scroll_pages,28,2026-10-03T11:55:07.177Z,ok,0,,785.4,,,,,0,0,50057928,49721020,45652,28903,0,0,0,0,1,289,916,62
old,1000,none,1,scroll_all,28,2026-10-03T11:55:14.243Z,ok,0,,3438.2,,,,,0,0,50571708,49734004,45652,28903,0,0,0,0,2,578,916,916
old,1000,none,1,filter_change,28,2026-10-03T11:55:18.019Z,ok,0,rows 916->222,64.2,,,,,0,0,89457756,34333984,11320,7208,0,0,0,0,1,289,222,
old,1000,none,1,sort_change,28,2026-10-03T11:55:22.495Z,ok,0,rows 916->916,390.7,,,,,0,0,124623616,89703728,50543,33084,0,0,0,0,0,0,916,
old,1000,none,1,initial_load,29,2026-10-03T11:55:26.615Z,ok,0,,2407.3,2407.3,2407.3,112,2696,158,2,67582764,49721728,45652,28903,1,754936,753629,916,12,3815928,916,
old,1000,none,1,scroll_pages,29,2026-10-03T11:55:30.512Z,ok,0,,798.7,,,,,0,0,67202884,49726632,45652,28903,0,0,0,0,1,289,916,62
old,1000,none,1,scroll_all,29,2026-10-03T11:55:37.544Z,ok,0,,3406.5,,,,,0,0,50579560,49741784,45652,28903,0,0,0,0,2,578,916,916
old,1000,none,1,filter_change,29,2026-10-03T11:55:41.304Z,ok,0,rows 916->222,77.7,,,,,0,0,65818540,34212656,11320,7208,0,0,0,0,1,289,222,
old,1000,none,1,sort_change,29,2026-10-03T11:55:45.797Z,ok,0,rows 916->916,406.6,,,,,0,0,124582948,89708652,50543,33084,0,0,0,0,0,0,916,
old,1000,none,1,initial_load,30,2026-10-03T11:55:49.940Z,ok,0,,2413,2413,2413,124,472,19,1,49945916,49704296,45652,28903,1,754936,753629,916,12,3815928,916,
old,1000,none,1,scroll_pages,30,2026-10-03T11:55:53.858Z,ok,0,,796.5,,,,,0,0,50069136,49731560,45652,28903,0,0,0,0,1,289,916,62
old,1000,none,1,scroll_all,30,2026-10-03T11:56:00.973Z,ok,0,,3448.4,,,,,0,0,66524880,49733352,45652,28903,0,0,0,0,2,578,916,916
old,1000,none,1,filter_change,30,2026-10-03T11:56:04.743Z,ok,0,rows 916->222,68.6,,,,,0,0,65610924,34206076,11320,7208,0,0,0,0,1,289,222,
old,1000,none,1,sort_change,30,2026-10-03T11:56:09.218Z,ok,0,rows 916->916,399.2,,,,,0,0,124636388,89690220,50543,33084,0,0,0,0,0,0,916,
old,3000,none,1,initial_load,1,2026-10-03T12:01:48.161Z,ok,0,,6812.8,6812.8,6812.8,124,476,606,5,142581704,128426872,137204,86775,1,2270755,2267259,2754,13,5332036,2754,
old,3000,none,1,scroll_pages,1,2026-10-03T12:02:03.215Z,ok,0,,779.2,,,,,0,0,164200888,158288084,137204,86775,0,0,0,0,0,0,2754,60
old,3000,none,1,scroll_all,1,2026-10-03T12:02:28.223Z,ok,0,,10082.6,,,,,0,0,180580088,158371388,137204,86775,0,0,0,0,4,1156,2754,2754
old,3000,none,1,filter_change,1,2026-10-03T12:02:43.404Z,ok,0,rows 2754->693,227,,,,,0,0,275567000,82244208,34869,22091,0,0,0,0,0,0,693,
old,3000,none,1,sort_change,1,2026-10-03T12:03:03.653Z,ok,0,rows 2754->2754,1798,,,,,0,0,407056632,229245540,146085,94376,0,0,0,0,1,289,2754,
old,3000,none,1,initial_load,2,2026-10-03T12:03:18.989Z,ok,0,,8149.1,6841.9,8149.1,112,500,1430,6,227657060,158282968,137204,86775,2,4541482,4534518,5508,16,7603341,2754,
old,3000,none,1,scroll_pages,2,2026-10-03T12:03:33.499Z,ok,0,,750.1,,,,,0,0,234548928,158285128,137204,86775,0,0,0,0,0,0,2754,60
old,3000,none,1,scroll_all,2,2026-10-03T12:03:57.860Z,ok,0,,10079.7,,,,,0,0,179501468,158369900,137204,86775,0,0,0,0,3,867,2754,2754
old,3000,none,1,filter_change,2,2026-10-03T12:04:13.042Z,ok,0,rows 2754->693,278.6,,,,,0,0,274394104,82267124,34869,22091,0,0,0,0,0,0,693,
old,3000,none,1,sort_change,2,2026-10-03T12:04:32.902Z,ok,0,rows 2754->2754,1779,,,,,0,0,407076168,229257924,146085,94376,0,0,0,0,1,289,2754,
old,3000,none,1,initial_load,3,2026-10-03T12:04:47.637Z,ok,0,,8241,6788.4,8241,124,484,2173,6,251881392,158269064,137204,86775,2,4541468,4534518,5508,16,7603327,2754,
old,3000,none,1,scroll_pages,3,2026-10-03T12:05:02.291Z,ok,0,,828.8,,,,,0,0,158596772,158280148,137204,86775,0,0,0,0,0,0,2754,60
old,3000,none,1,scroll_all,3,2026-10-03T12:05:27.208Z,ok,0,,10147,,,,,0,0,237503108,158328024,137204,86775,0,0,0,0,4,1156,2754,2754
old,3000,none,1,filter_change,3,2026-10-03T12:05:42.251Z,ok,0,rows 2754->693,223.5,,,,,0,0,294544852,82278120,34869,22091,0,0,0,0,0,0,693,
old,3000,none,1,sort_change,3,2026-10-03T12:06:02.218Z,ok,0,rows 2754->2754,1767.1,,,,,0,0,416073044,229186444,146085,94376,0,0,0,0,1,289,2754,
old,3000,none,1,initial_load,4,2026-10-03T12:06:17.471Z,ok,0,,8137.5,6787.3,8137.5,104,464,1335,7,250249548,158317268,137204,86775,2,4541468,4534518,5508,16,7603327,2754,
old,3000,none,1,scroll_pages,4,2026-10-03T12:06:32.044Z,ok,0,,796.1,,,,,0,0,237499312,158290264,137204,86775,0,0,0,0,0,0,2754,60
old,3000,none,1,scroll_all,4,2026-10-03T12:06:56.484Z,ok,0,,10072.7,,,,,0,0,179484192,158361508,137204,86775,0,0,0,0,3,867,2754,2754
old,3000,none,1,filter_change,4,2026-10-03T12:07:11.557Z,ok,0,rows 2754->693,213.3,,,,,0,0,217237568,82247724,34869,22091,0,0,0,0,0,0,693,
old,3000,none,1,sort_change,4,2026-10-03T12:07:31.321Z,ok,0,rows 2754->2754,1736.2,,,,,0,0,338625768,229222276,146085,94376,0,0,0,0,1,289,2754,
old,3000,none,1,initial_load,5,2026-10-03T12:07:46.568Z,ok,0,,8078.7,6812.6,8078.7,124,600,1407,6,229923204,158310888,137204,86775,2,4541468,4534518,5508,16,7603327,2754,
old,3000,none,1,scroll_pages,5,2026-10-03T12:08:01.511Z,ok,0,,724.6,,,,,0,0,193758416,158302244,137204,86775,0,0,0,0,0,0,2754,60
old,3000,none,1,scroll_all,5,2026-10-03T12:08:26.383Z,ok,0,,10131.2,,,,,0,0,238834456,158339156,137204,86775,0,0,0,0,4,1156,2754,2754
old,3000,none,1,filter_change,5,2026-10-03T12:08:41.347Z,ok,0,rows 2754->693,211.6,,,,,0,0,219144376,82294228,34869,22091,0,0,0,0,0,0,693,
old,3000,none,1,sort_change,5,2026-10-03T12:09:01.396Z,ok,0,rows 2754->2754,1774.2,,,,,0,0,420086468,229299056,146085,94376,0,0,0,0,2,578,2754,
old,3000,none,1,initial_load,6,2026-10-03T12:09:16.166Z,ok,0,,8207.6,6831.6,8207.6,124,460,2076,6,165616076,158274744,137204,86775,2,4541468,4534518,5508,16,7603327,2754,
old,3000,none,1,scroll_pages,6,2026-10-03T12:09:31.186Z,ok,0,,780.6,,,,,0,0,253398548,158288828,137204,86775,0,0,0,0,0,0,2754,60
old,3000,none,1,scroll_all,6,2026-10-03T12:09:56.056Z,ok,0,,10093.4,,,,,0,0,233531840,158345220,137204,86775,0,0,0,0,4,1156,2754,2754
old,3000,none,1,filter_change,6,2026-10-03T12:10:10.973Z,ok,0,rows 2754->693,212.9,,,,,0,0,295067816,82264872,34869,22091,0,0,0,0,0,0,693,
old,3000,none,1,sort_change,6,2026-10-03T12:10:30.789Z,ok,0,rows 2754->2754,1769.1,,,,,0,0,391024928,229211864,146085,94376,0,0,0,0,1,289,2754,
old,3000,none,1,initial_load,7,2026-10-03T12:10:46.057Z,ok,0,,8127.9,6756,8127.9,116,460,1328,7,250417948,158327412,137204,86775,2,4541468,4534518,5508,16,7603327,2754,
old,3000,none,1,scroll_pages,7,2026-10-03T12:11:01.191Z,ok,0,,778.5,,,,,0,0,250522388,158316548,137204,86775,0,0,0,0,0,0,2754,60
old,3000,none,1,scroll_all,7,2026-10-03T12:11:25.494Z,ok,0,,10084.3,,,,,0,0,234172036,158349452,137204,86775,0,0,0,0,3,867,2754,2754
old,3000,none,1,filter_change,7,2026-10-03T12:11:40.036Z,ok,0,rows 2754->693,210.8,,,,,0,0,288026796,82241404,34869,22091,0,0,0,0,0,0,693,
old,3000,none,1,sort_change,7,2026-10-03T12:11:59.896Z,ok,0,rows 2754->2754,1784.4,,,,,0,0,393609440,229173696,146085,94376,0,0,0,0,2,578,2754,
old,3000,none,1,initial_load,8,2026-10-03T12:12:15.106Z,ok,0,,8140.8,6828.6,8140.8,124,488,1418,6,177985964,158318896,137204,86775,2,4541461,4534518,5508,16,7603320,2754,
old,3000,none,1,scroll_pages,8,2026-10-03T12:12:30.165Z,ok,0,,768.7,,,,,0,0,235732524,158276416,137204,86775,0,0,0,0,0,0,2754,60
old,3000,none,1,scroll_all,8,2026-10-03T12:12:54.688Z,ok,0,,10116.8,,,,,0,0,179488152,158565180,137204,86775,0,0,0,0,3,867,2754,2754
old,3000,none,1,filter_change,8,2026-10-03T12:13:09.852Z,ok,0,rows 2754->693,232.5,,,,,0,0,276516800,82276756,34869,22091,0,0,0,0,0,0,693,
old,3000,none,1,sort_change,8,2026-10-03T12:13:29.615Z,ok,0,rows 2754->2754,1767.3,,,,,0,0,348888836,229253136,146085,94376,0,0,0,0,1,289,2754,
old,3000,none,1,initial_load,9,2026-10-03T12:13:44.946Z,ok,0,,8155.7,6817,8155.7,108,504,1403,6,178300612,158315888,137204,86775,2,4541475,4534518,5508,16,7603334,2754,
old,3000,none,1,scroll_pages,9,2026-10-03T12:13:59.891Z,ok,0,,738.8,,,,,0,0,235016228,158297888,137204,86775,0,0,0,0,0,0,2754,60
old,3000,none,1,scroll_all,9,2026-10-03T12:14:24.871Z,ok,0,,10106.3,,,,,0,0,179573504,158321120,137204,86775,0,0,0,0,4,1156,2754,2754
old,3000,none,1,filter_change,9,2026-10-03T12:14:39.533Z,ok,0,rows 2754->693,233.7,,,,,0,0,217291952,82288508,34869,22091,0,0,0,0,0,0,693,
old,3000,none,1,sort_change,9,2026-10-03T12:14:59.346Z,ok,0,rows 2754->2754,1795.1,,,,,0,0,422496632,229277600,146085,94376,0,0,0,0,1,289,2754,
old,3000,none,1,initial_load,10,2026-10-03T12:15:14.256Z,ok,0,,8328.6,6876.4,8328.6,100,524,2348,8,228988144,158293488,137204,86775,2,4541468,4534518,5508,16,7603327,2754,
old,3000,none,1,scroll_pages,10,2026-10-03T12:15:29.361Z,ok,0,,810.7,,,,,0,0,234105588,158288624,137204,86775,0,0,0,0,0,0,2754,60
old,3000,none,1,scroll_all,10,2026-10-03T12:15:53.728Z,ok,0,,10085.1,,,,,0,0,252081392,158369284,137204,86775,0,0,0,0,3,867,2754,2754
old,3000,none,1,filter_change,10,2026-10-03T12:16:08.966Z,ok,0,rows 2754->693,232.3,,,,,0,0,273736456,82236940,34869,22091,0,0,0,0,0,0,693,
old,3000,none,1,sort_change,10,2026-10-03T12:16:28.651Z,ok,0,rows 2754->2754,1748.2,,,,,0,0,401851904,229245824,146085,94376,0,0,0,0,1,289,2754,
old,3000,none,1,initial_load,11,2026-10-03T12:16:44.061Z,ok,0,,8222.2,6896.4,8222.2,112,476,1483,7,210901048,158318440,137204,86775,2,4541461,4534518,5508,16,7603320,2754,
old,3000,none,1,scroll_pages,11,2026-10-03T12:16:59.105Z,ok,0,,757,,,,,0,0,178071780,158290068,137204,86775,0,0,0,0,0,0,2754,60
old,3000,none,1,scroll_all,11,2026-10-03T12:17:23.969Z,ok,0,,10079.7,,,,,0,0,241344240,158296356,137204,86775,0,0,0,0,4,1156,2754,2754
old,3000,none,1,filter_change,11,2026-10-03T12:17:39.002Z,ok,0,rows 2754->693,232.2,,,,,0,0,218182244,82309728,34869,22091,0,0,0,0,0,0,693,
old,3000,none,1,sort_change,11,2026-10-03T12:17:58.466Z,ok,0,rows 2754->2754,1825.1,,,,,0,0,394301572,229216700,146085,94376,0,0,0,0,1,289,2754,
old,3000,none,1,initial_load,12,2026-10-03T12:18:13.760Z,ok,0,,8159.9,6768.4,8159.9,116,464,1370,7,252021628,158329680,137204,86775,2,4541468,4534518,5508,16,7603327,2754,
old,3000,none,1,scroll_pages,12,2026-10-03T12:18:28.476Z,ok,0,,807.7,,,,,0,0,231565076,158253060,137204,86775,0,0,0,0,0,0,2754,60
old,3000,none,1,scroll_all,12,2026-10-03T12:18:52.930Z,ok,0,,10084.4,,,,,0,0,180084692,158350952,137204,86775,0,0,0,0,3,867,2754,2754
old,3000,none,1,filter_change,12,2026-10-03T12:19:07.614Z,ok,0,rows 2754->693,248.7,,,,,0,0,275910096,82254912,34869,22091,0,0,0,0,0,0,693,
old,3000,none,1,sort_change,12,2026-10-03T12:19:27.661Z,ok,0,rows 2754->2754,1822.5,,,,,0,0,413073316,229195728,146085,94376,0,0,0,0,1,289,2754,
old,3000,none,1,initial_load,13,2026-10-03T12:19:42.963Z,ok,0,,8121.7,6815.3,8121.7,116,464,1471,7,234911816,158299500,137204,86775,2,4541482,4534518,5508,16,7603341,2754,
old,3000,none,1,scroll_pages,13,2026-10-03T12:19:57.493Z,ok,0,,762.5,,,,,0,0,236152092,158300648,137204,86775,0,0,0,0,0,0,2754,60
old,3000,none,1,scroll_all,13,2026-10-03T12:20:22.331Z,ok,0,,10083.6,,,,,0,0,236582832,158338124,137204,86775,0,0,0,0,4,1156,2754,2754
old,3000,none,1,filter_change,13,2026-10-03T12:20:36.956Z,ok,0,rows 2754->693,212.3,,,,,162,1,277292944,82265232,34869,22091,0,0,0,0,0,0,693,
old,3000,none,1,sort_change,13,2026-10-03T12:20:56.805Z,ok,0,rows 2754->2754,1765.5,,,,,0,0,412203836,229275788,146085,94376,0,0,0,0,1,289,2754,
old,3000,none,1,initial_load,14,2026-10-03T12:21:05.651Z,ok,0,,6758.1,6758.1,6758.1,112,464,589,5,133581560,128396244,137204,86775,1,2270734,2267259,2754,13,5332015,2754,
old,3000,none,1,scroll_pages,14,2026-10-03T12:21:20.763Z,ok,0,,773.2,,,,,0,0,235684032,158278152,137204,86775,0,0,0,0,0,0,2754,60
old,3000,none,1,scroll_all,14,2026-10-03T12:21:45.636Z,ok,0,,10074.3,,,,,0,0,237531268,158312936,137204,86775,0,0,0,0,4,1156,2754,2754
old,3000,none,1,filter_change,14,2026-10-03T12:22:00.290Z,ok,0,rows 2754->693,226.6,,,,,0,0,217344432,82263124,34869,22091,0,0,0,0,0,0,693,
old,3000,none,1,sort_change,14,2026-10-03T12:22:19.639Z,ok,0,rows 2754->2754,1775.7,,,,,0,0,336765092,229212836,146085,94376,0,0,0,0,1,289,2754,
old,3000,none,1,initial_load,15,2026-10-03T12:22:34.902Z,ok,0,,8125.4,6793.5,8125.4,128,588,1431,7,229843264,158314736,137204,86775,2,4541482,4534518,5508,16,7603341,2754,
old,3000,none,1,scroll_pages,15,2026-10-03T12:22:49.827Z,ok,0,,790.4,,,,,0,0,239144168,158297352,137204,86775,0,0,0,0,0,0,2754,60
old,3000,none,1,scroll_all,15,2026-10-03T12:23:14.220Z,ok,0,,10076.7,,,,,0,0,253795684,158346744,137204,86775,0,0,0,0,3,867,2754,2754
old,3000,none,1,filter_change,15,2026-10-03T12:23:29.397Z,ok,0,rows 2754->693,222.3,,,,,0,0,273942644,82258608,34869,22091,0,0,0,0,0,0,693,
old,3000,none,1,sort_change,15,2026-10-03T12:23:49.241Z,ok,0,rows 2754->2754,1777.2,,,,,0,0,409072744,229261720,146085,94376,0,0,0,0,1,289,2754,
old,3000,none,1,initial_load,16,2026-10-03T12:24:04.046Z,ok,0,,8199.6,6827.1,8199.6,116,464,2189,5,178190412,158248592,137204,86775,2,4541468,4534518,5508,16,7603327,2754,
old,3000,none,1,scroll_pages,16,2026-10-03T12:24:19.069Z,ok,0,,756.6,,,,,0,0,231301208,158287164,137204,86775,0,0,0,0,0,0,2754,60
old,3000,none,1,scroll_all,16,2026-10-03T12:24:43.968Z,ok,0,,10038,,,,,0,0,252190904,158344728,137204,86775,0,0,0,0,4,1156,2754,2754
old,3000,none,1,filter_change,16,2026-10-03T12:24:58.586Z,ok,0,rows 2754->693,220.1,,,,,0,0,275610048,82235744,34869,22091,0,0,0,0,0,0,693,
old,3000,none,1,sort_change,16,2026-10-03T12:25:18.387Z,ok,0,rows 2754->2754,1746.8,,,,,0,0,400544592,229273032,146085,94376,0,0,0,0,1,289,2754,
old,3000,none,1,initial_load,17,2026-10-03T12:25:33.724Z,ok,0,,8152.4,6825.2,8152.4,116,472,1427,7,231313484,158290320,137204,86775,2,4541468,4534518,5508,16,7603327,2754,
old,3000,none,1,scroll_pages,17,2026-10-03T12:25:48.211Z,ok,0,,753.4,,,,,0,0,252527668,158266856,137204,86775,0,0,0,0,0,0,2754,60
old,3000,none,1,scroll_all,17,2026-10-03T12:26:13.164Z,ok,0,,10104.5,,,,,0,0,179593472,158314216,137204,86775,0,0,0,0,4,1156,2754,2754
old,3000,none,1,filter_change,17,2026-10-03T12:26:27.728Z,ok,0,rows 2754->693,219.8,,,,,0,0,217485036,82267660,34869,22091,0,0,0,0,0,0,693,
old,3000,none,1,sort_change,17,2026-10-03T12:26:47.565Z,ok,0,rows 2754->2754,1747.6,,,,,0,0,405305424,229255736,146085,94376,0,0,0,0,1,289,2754,
old,3000,none,1,initial_load,18,2026-10-03T12:27:02.798Z,ok,0,,8226,6761.8,8226,128,468,1495,6,258423656,158335100,137204,86775,2,4541454,4534518,5508,16,7603313,2754,
old,3000,none,1,scroll_pages,18,2026-10-03T12:27:17.793Z,ok,0,,748.3,,,,,0,0,237014836,158296152,137204,86775,0,0,0,0,0,0,2754,60
old,3000,none,1,scroll_all,18,2026-10-03T12:27:42.728Z,ok,0,,10126.9,,,,,0,0,179600876,158337464,137204,86775,0,0,0,0,4,1156,2754,2754
old,3000,none,1,filter_change,18,2026-10-03T12:27:57.259Z,ok,0,rows 2754->693,210.6,,,,,0,0,287703888,82249808,34869,22091,0,0,0,0,0,0,693,
old,3000,none,1,sort_change,18,2026-10-03T12:28:17.088Z,ok,0,rows 2754->2754,1745.9,,,,,0,0,415973268,229182728,146085,94376,0,0,0,0,1,289,2754,
old,3000,none,1,initial_load,19,2026-10-03T12:28:32.443Z,ok,0,,8150.3,6815.2,8150.3,104,456,1449,6,177959372,158287732,137204,86775,2,4541468,4534518,5508,16,7603327,2754,
old,3000,none,1,scroll_pages,19,2026-10-03T12:28:47.469Z,ok,0,,757.8,,,,,0,0,233429480,158283776,137204,86775,0,0,0,0,0,0,2754,60
old,3000,none,1,scroll_all,19,2026-10-03T12:29:11.902Z,ok,0,,10075.7,,,,,0,0,179825172,158360736,137204,86775,0,0,0,0,3,867,2754,2754
old,3000,none,1,filter_change,19,2026-10-03T12:29:26.997Z,ok,0,rows 2754->693,243.6,,,,,0,0,293339972,82257420,34869,22091,0,0,0,0,0,0,693,
old,3000,none,1,sort_change,19,2026-10-03T12:29:46.822Z,ok,0,rows 2754->2754,1771.6,,,,,0,0,397945652,229258060,146085,94376,0,0,0,0,1,289,2754,
old,3000,none,1,initial_load,20,2026-10-03T12:30:02.124Z,ok,0,,8143.9,6800.7,8143.9,124,520,1478,7,178299364,158311964,137204,86775,2,4541466,4534518,5508,16,7603325,2754,
old,3000,none,1,scroll_pages,20,2026-10-03T12:30:17.102Z,ok,0,,757.7,,,,,0,0,178058532,158272544,137204,86775,0,0,0,0,0,0,2754,60
old,3000,none,1,scroll_all,20,2026-10-03T12:30:42.074Z,ok,0,,10126.1,,,,,0,0,238408852,158350112,137204,86775,0,0,0,0,4,1156,2754,2754
old,3000,none,1,filter_change,20,2026-10-03T12:30:57.119Z,ok,0,rows 2754->693,216.5,,,,,0,0,290780068,82231580,34869,22091,0,0,0,0,0,0,693,
old,3000,none,1,sort_change,20,2026-10-03T12:31:16.377Z,ok,0,rows 2754->2754,1722.4,,,,,0,0,348886008,229264936,146085,94376,0,0,0,0,1,289,2754,
old,3000,none,1,initial_load,21,2026-10-03T12:31:31.822Z,ok,0,,8184.4,6879.9,8184.4,112,588,1460,8,232736272,158280064,137204,86775,2,4541468,4534518,5508,16,7603327,2754,
old,3000,none,1,scroll_pages,21,2026-10-03T12:31:46.769Z,ok,0,,787.6,,,,,0,0,252865380,158273572,137204,86775,0,0,0,0,0,0,2754,60
old,3000,none,1,scroll_all,21,2026-10-03T12:32:11.596Z,ok,0,,10022.9,,,,,0,0,255203044,158347948,137204,86775,0,0,0,0,4,1156,2754,2754
old,3000,none,1,filter_change,21,2026-10-03T12:32:26.165Z,ok,0,rows 2754->693,209.2,,,,,0,0,287865860,82224392,34869,22091,0,0,0,0,0,0,693,
old,3000,none,1,sort_change,21,2026-10-03T12:32:45.855Z,ok,0,rows 2754->2754,1775.6,,,,,0,0,336581588,229260676,146085,94376,0,0,0,0,1,289,2754,
old,3000,none,1,initial_load,22,2026-10-03T12:33:01.197Z,ok,0,,8091.7,6804.4,8091.7,116,444,1461,8,232290336,158299740,137204,86775,2,4541440,4534518,5508,16,7603299,2754,
old,3000,none,1,scroll_pages,22,2026-10-03T12:33:16.164Z,ok,0,,771.9,,,,,0,0,236513796,158287952,137204,86775,0,0,0,0,0,0,2754,60
old,3000,none,1,scroll_all,22,2026-10-03T12:33:40.986Z,ok,0,,10095,,,,,0,0,235976076,158335752,137204,86775,0,0,0,0,4,1156,2754,2754
old,3000,none,1,filter_change,22,2026-10-03T12:33:56.106Z,ok,0,rows 2754->693,217.3,,,,,0,0,274581916,82281540,34869,22091,0,0,0,0,0,0,693,
old,3000,none,1,sort_change,22,2026-10-03T12:34:15.416Z,ok,0,rows 2754->2754,1757.3,,,,,0,0,404772832,229258764,146085,94376,0,0,0,0,1,289,2754,
old,3000,none,1,initial_load,23,2026-10-03T12:34:30.675Z,ok,0,,8110.3,6822.8,8110.3,112,512,1402,7,179209304,158317948,137204,86775,2,4541461,4534518,5508,16,7603320,2754,
old,3000,none,1,scroll_pages,23,2026-10-03T12:34:45.644Z,ok,0,,728.7,,,,,0,0,178079972,158305136,137204,86775,0,0,0,0,0,0,2754,60
old,3000,none,1,scroll_all,23,2026-10-03T12:35:10.478Z,ok,0,,10085.7,,,,,0,0,232955544,158335880,137204,86775,0,0,0,0,4,1156,2754,2754
old,3000,none,1,filter_change,23,2026-10-03T12:35:25.600Z,ok,0,rows 2754->693,223.4,,,,,173,1,274525316,82247380,34869,22091,0,0,0,0,0,0,693,
old,3000,none,1,sort_change,23,2026-10-03T12:35:44.835Z,ok,0,rows 2754->2754,1779.6,,,,,0,0,403308052,229228900,146085,94376,0,0,0,0,1,289,2754,
old,3000,none,1,initial_load,24,2026-10-03T12:36:00.161Z,ok,0,,8139.1,6869.6,8139.1,128,464,1416,8,230704820,158302572,137204,86775,2,4541461,4534518,5508,16,7603320,2754,
old,3000,none,1,scroll_pages,24,2026-10-03T12:36:14.649Z,ok,0,,753.9,,,,,0,0,251375260,158308412,137204,86775,0,0,0,0,0,0,2754,60
old,3000,none,1,scroll_all,24,2026-10-03T12:36:39.495Z,ok,0,,10056.8,,,,,0,0,241030808,158342556,137204,86775,0,0,0,0,4,1156,2754,2754
old,3000,none,1,filter_change,24,2026-10-03T12:36:54.554Z,ok,0,rows 2754->693,214.2,,,,,0,0,274130932,82265632,34869,22091,0,0,0,0,0,0,693,
old,3000,none,1,sort_change,24,2026-10-03T12:37:14.342Z,ok,0,rows 2754->2754,1735.8,,,,,0,0,417893432,229270912,146085,94376,0,0,0,0,1,289,2754,
old,3000,none,1,initial_load,25,2026-10-03T12:37:29.647Z,ok,0,,8079.1,6817.1,8079.1,108,508,1449,8,229409920,158300032,137204,86775,2,4541468,4534518,5508,16,7603327,2754,
old,3000,none,1,scroll_pages,25,2026-10-03T12:37:44.664Z,ok,0,,767.9,,,,,0,0,231668588,158292888,137204,86775,0,0,0,0,0,0,2754,60
old,3000,none,1,scroll_all,25,2026-10-03T12:38:09.647Z,ok,0,,10130.1,,,,,0,0,179603452,158329396,137204,86775,0,0,0,0,4,1156,2754,2754
old,3000,none,1,filter_change,25,2026-10-03T12:38:24.259Z,ok,0,rows 2754->693,226.5,,,,,0,0,279449736,82276568,34869,22091,0,0,0,0,0,0,693,
old,3000,none,1,sort_change,25,2026-10-03T12:38:44.204Z,ok,0,rows 2754->2754,1794.9,,,,,0,0,420536540,229288412,146085,94376,0,0,0,0,1,289,2754,
old,3000,none,1,initial_load,26,2026-10-03T12:38:59.473Z,ok,0,,8078.6,6793.2,8078.6,108,468,1389,6,229545688,158296940,137204,86775,2,4541467,4534518,5508,16,7603326,2754,
old,3000,none,1,scroll_pages,26,2026-10-03T12:39:14.528Z,ok,0,,770.7,,,,,0,0,233817492,158273768,137204,86775,0,0,0,0,0,0,2754,60
old,3000,none,1,scroll_all,26,2026-10-03T12:39:39.331Z,ok,0,,10097.5,,,,,0,0,239214272,158336060,137204,86775,0,0,0,0,4,1156,2754,2754
old,3000,none,1,filter_change,26,2026-10-03T12:39:54.466Z,ok,0,rows 2754->693,234.7,,,,,0,0,275931344,82235676,34869,22091,0,0,0,0,0,0,693,
old,3000,none,1,sort_change,26,2026-10-03T12:40:14.348Z,ok,0,rows 2754->2754,1773.3,,,,,0,0,382089828,229267316,146085,94376,0,0,0,0,2,578,2754,
old,3000,none,1,initial_load,27,2026-10-03T12:40:28.979Z,ok,0,,8195.6,6765.6,8195.6,104,512,2122,7,250510576,158283396,137204,86775,2,4541468,4534518,5508,16,7603327,2754,
old,3000,none,1,scroll_pages,27,2026-10-03T12:40:44.014Z,ok,0,,790.9,,,,,0,0,257151964,158325548,137204,86775,0,0,0,0,0,0,2754,60
old,3000,none,1,scroll_all,27,2026-10-03T12:41:08.850Z,ok,0,,10074.4,,,,,0,0,234439220,158310384,137204,86775,0,0,0,0,4,1156,2754,2754
old,3000,none,1,filter_change,27,2026-10-03T12:41:23.814Z,ok,0,rows 2754->693,214.7,,,,,0,0,292922452,82287832,34869,22091,0,0,0,0,0,0,693,
old,3000,none,1,sort_change,27,2026-10-03T12:41:43.520Z,ok,0,rows 2754->2754,1781.3,,,,,0,0,348154452,229237068,146085,94376,0,0,0,0,1,289,2754,
old,3000,none,1,initial_load,28,2026-10-03T12:41:58.877Z,ok,0,,8139.3,6842.9,8139.3,108,476,1426,7,177971464,158310976,137204,86775,2,4541469,4534518,5508,16,7603328,2754,
old,3000,none,1,scroll_pages,28,2026-10-03T12:42:13.947Z,ok,0,,730.9,,,,,0,0,232612440,158299624,137204,86775,0,0,0,0,0,0,2754,60
old,3000,none,1,scroll_all,28,2026-10-03T12:42:38.788Z,ok,0,,10047.8,,,,,0,0,179599620,158321384,137204,86775,0,0,0,0,4,1156,2754,2754
old,3000,none,1,filter_change,28,2026-10-03T12:42:53.810Z,ok,0,rows 2754->693,216.9,,,,,0,0,277225440,82268432,34869,22091,0,0,0,0,0,0,693,
old,3000,none,1,sort_change,28,2026-10-03T12:43:13.709Z,ok,0,rows 2754->2754,1757.4,,,,,0,0,417501312,229164784,146085,94376,0,0,0,0,1,289,2754,
old,3000,none,1,initial_load,29,2026-10-03T12:43:29.030Z,ok,0,,8151.8,6836.2,8151.8,112,600,1448,6,229502380,158322816,137204,86775,2,4541468,4534518,5508,16,7603327,2754,
old,3000,none,1,scroll_pages,29,2026-10-03T12:43:43.534Z,ok,0,,736.3,,,,,0,0,252722968,158310132,137204,86775,0,0,0,0,0,0,2754,60
old,3000,none,1,scroll_all,29,2026-10-03T12:44:08.011Z,ok,0,,10086.3,,,,,0,0,234972816,158363272,137204,86775,0,0,0,0,3,867,2754,2754
old,3000,none,1,filter_change,29,2026-10-03T12:44:23.127Z,ok,0,rows 2754->693,226.1,,,,,0,0,275682792,82261080,34869,22091,0,0,0,0,0,0,693,
old,3000,none,1,sort_change,29,2026-10-03T12:44:42.916Z,ok,0,rows 2754->2754,1756.5,,,,,0,0,397543008,229248144,146085,94376,0,0,0,0,2,578,2754,
old,3000,none,1,initial_load,30,2026-10-03T12:44:58.242Z,ok,0,,8113,6829.4,8113,104,464,1412,7,234770776,158305108,137204,86775,2,4541481,4534518,5508,16,7603340,2754,
old,3000,none,1,scroll_pages,30,2026-10-03T12:45:13.341Z,ok,0,,782.2,,,,,0,0,236942268,158288184,137204,86775,0,0,0,0,0,0,2754,60
old,3000,none,1,scroll_all,30,2026-10-03T12:45:38.133Z,ok,0,,10050.9,,,,,0,0,179587316,158312888,137204,86775,0,0,0,0,4,1156,2754,2754
old,3000,none,1,filter_change,30,2026-10-03T12:45:53.219Z,ok,0,rows 2754->693,231.1,,,,,0,0,271487912,82246072,34869,22091,0,0,0,0,0,0,693,
old,3000,none,1,sort_change,30,2026-10-03T12:46:13.080Z,ok,0,rows 2754->2754,1732.7,,,,,0,0,406900636,229270068,146085,94376,0,0,0,0,1,289,2754,
old,10000,none,1,initial_load,1,2026-10-03T13:37:28.006Z,error,0,page.waitForFunction: Timeout 180000ms exceeded.,,,,,,,,,,,,,,,,,,,
old,10000,none,1,scroll_pages,1,2026-10-03T13:40:28.043Z,error,0,page.waitForFunction: Timeout 180000ms exceeded.,,,,,,,,,,,,,,,,,,,
old,10000,none,1,scroll_all,1,2026-10-03T13:43:28.073Z,error,0,page.waitForFunction: Timeout 180000ms exceeded.,,,,,,,,,,,,,,,,,,,
old,10000,none,1,filter_change,1,2026-10-03T13:46:28.109Z,error,0,page.waitForFunction: Timeout 180000ms exceeded.,,,,,,,,,,,,,,,,,,,
old,10000,none,1,sort_change,1,2026-10-03T13:49:28.216Z,error,0,page.waitForFunction: Timeout 180000ms exceeded.,,,,,,,,,,,,,,,,,,,
old,10000,none,1,initial_load,2,2026-10-03T13:52:28.250Z,error,0,page.waitForFunction: Timeout 180000ms exceeded.,,,,,,,,,,,,,,,,,,,
old,10000,none,1,scroll_pages,2,2026-10-03T13:55:28.288Z,error,0,page.waitForFunction: Timeout 180000ms exceeded.,,,,,,,,,,,,,,,,,,,
old,10000,none,1,scroll_all,2,2026-10-03T13:58:28.447Z,error,0,page.waitForFunction: Timeout 180000ms exceeded.,,,,,,,,,,,,,,,,,,,
old,10000,none,1,filter_change,2,2026-10-03T14:01:28.476Z,error,0,page.waitForFunction: Timeout 180000ms exceeded.,,,,,,,,,,,,,,,,,,,
old,10000,none,1,sort_change,2,2026-10-03T14:04:28.510Z,error,0,page.waitForFunction: Timeout 180000ms exceeded.,,,,,,,,,,,,,,,,,,,
old,10000,none,1,initial_load,3,2026-10-03T14:07:28.542Z,error,0,page.waitForFunction: Timeout 180000ms exceeded.,,,,,,,,,,,,,,,,,,,
old,10000,none,1,scroll_pages,3,2026-10-03T14:10:28.686Z,error,0,page.waitForFunction: Timeout 180000ms exceeded.,,,,,,,,,,,,,,,,,,,
old,10000,none,1,scroll_all,3,2026-10-03T14:13:28.727Z,error,0,page.waitForFunction: Timeout 180000ms exceeded.,,,,,,,,,,,,,,,,,,,
old,10000,none,1,filter_change,3,2026-10-03T14:16:28.765Z,error,0,page.waitForFunction: Timeout 180000ms exceeded.,,,,,,,,,,,,,,,,,,,
old,10000,none,1,sort_change,3,2026-10-03T14:19:28.804Z,error,0,page.waitForFunction: Timeout 180000ms exceeded.,,,,,,,,,,,,,,,,,,,
old,10000,none,1,initial_load,4,2026-10-03T14:22:28.886Z,error,0,page.waitForFunction: Timeout 180000ms exceeded.,,,,,,,,,,,,,,,,,,,
old,10000,none,1,scroll_pages,4,2026-10-03T14:25:28.920Z,error,0,page.waitForFunction: Timeout 180000ms exceeded.,,,,,,,,,,,,,,,,,,,
old,10000,none,1,scroll_all,4,2026-10-03T14:28:28.965Z,error,0,page.waitForFunction: Timeout 180000ms exceeded.,,,,,,,,,,,,,,,,,,,
old,10000,none,1,filter_change,4,2026-10-03T14:31:28.995Z,error,0,page.waitForFunction: Timeout 180000ms exceeded.,,,,,,,,,,,,,,,,,,,
old,10000,none,1,sort_change,4,2026-10-03T14:34:29.031Z,error,0,page.waitForFunction: Timeout 180000ms exceeded.,,,,,,,,,,,,,,,,,,,
old,10000,none,1,initial_load,5,2026-10-03T14:37:29.074Z,error,0,page.waitForFunction: Timeout 180000ms exceeded.,,,,,,,,,,,,,,,,,,,
old,10000,none,1,scroll_pages,5,2026-10-03T16:18:51.964Z,ok,0,"list shorter than SCROLL_TARGET_ROWS, scrolled to its end",504.5,,,,,0,0,1777040924,17903644,103,71,0,0,0,0,0,0,0,0
old,10000,none,1,initial_load,1,2026-10-03T19:25:35.069Z,error,0,page.waitForFunction: Timeout 600000ms exceeded.,,,,,,,,,,,,,,,,,,,
old,10000,none,1,initial_load,2,2026-10-03T19:35:35.105Z,error,0,page.waitForFunction: Timeout 600000ms exceeded.,,,,,,,,,,,,,,,,,,,
old,5000,none,1,initial_load,1,2026-10-03T20:00:49.807Z,ok,0,,13708.3,11314.3,13708.3,108,464,2730,7,257532736,257212936,229087,144860,2,7591007,7579622,9202,19,10653733,4601,
old,5000,none,1,scroll_pages,1,2026-10-03T20:01:13.732Z,ok,0,,827.3,,,,,0,0,261025504,257169852,229087,144860,0,0,0,0,0,0,4601,60
old,5000,none,1,scroll_all,1,2026-10-03T20:01:55.116Z,ok,0,,17732.8,,,,,0,0,258213028,257213792,229087,144860,0,0,0,0,6,1734,4601,4601
old,5000,none,1,filter_change,1,2026-10-03T20:02:19.430Z,ok,0,rows 4601->1161,372,,,,,0,0,326434380,129175452,58176,36824,0,0,0,0,0,0,1161,
old,5000,none,1,sort_change,1,2026-10-03T20:02:56.308Z,ok,0,rows 4601->4601,4645,,,,,0,0,543507208,358246124,238983,153331,0,0,0,0,1,289,4601,
old,5000,none,1,initial_load,2,2026-10-03T20:03:20.684Z,ok,0,,13463.8,11095.7,13463.8,104,468,2679,7,510958360,257196536,229087,144860,2,7590986,7579622,9202,19,10653712,4601,
old,5000,none,1,scroll_pages,2,2026-10-03T20:03:44.748Z,ok,0,,808.9,,,,,0,0,507969904,257196864,229087,144860,0,0,0,0,0,0,4601,60
old,5000,none,1,scroll_all,2,2026-10-03T20:04:25.589Z,ok,0,,17214.7,,,,,0,0,258098748,257204340,229087,144860,0,0,0,0,6,1734,4601,4601
old,5000,none,1,filter_change,2,2026-10-03T20:04:49.944Z,ok,0,rows 4601->1161,346.4,,,,,0,0,572503988,129238064,58176,36824,0,0,0,0,0,0,1161,
old,5000,none,1,sort_change,2,2026-10-03T20:05:26.948Z,ok,0,rows 4601->4601,4807.3,,,,,0,0,532999660,359624972,238983,153331,0,0,0,0,1,289,4601,
old,5000,none,1,initial_load,3,2026-10-03T20:05:50.986Z,ok,0,,13515.1,11111,13515.1,116,488,2689,7,257498516,257163620,229087,144860,2,7590973,7579622,9202,19,10653699,4601,
old,5000,none,1,scroll_pages,3,2026-10-03T20:06:14.878Z,ok,0,,845.7,,,,,0,0,408859936,257143204,229087,144860,0,0,0,0,0,0,4601,60
old,5000,none,1,scroll_all,3,2026-10-03T20:06:55.887Z,ok,0,,17389.8,,,,,0,0,258184184,257242020,229087,144860,0,0,0,0,6,1734,4601,4601
old,5000,none,1,filter_change,3,2026-10-03T20:07:19.826Z,ok,0,rows 4601->1161,383.3,,,,,0,0,326462412,129187308,58176,36824,0,0,0,0,0,0,1161,
old,5000,none,1,sort_change,3,2026-10-03T20:07:56.575Z,ok,0,rows 4601->4601,4813.6,,,,,0,0,526574324,358239560,238983,153331,0,0,0,0,1,289,4601,
old,5000,none,1,initial_load,4,2026-10-03T20:08:20.703Z,ok,0,,13507.6,11114.7,13507.6,104,444,2687,7,507478104,257176192,229087,144860,2,7591001,7579622,9202,19,10653727,4601,
old,5000,none,1,scroll_pages,4,2026-10-03T20:08:44.727Z,ok,0,,819.9,,,,,0,0,489366312,257163560,229087,144860,0,0,0,0,0,0,4601,60
old,5000,none,1,scroll_all,4,2026-10-03T20:09:25.812Z,ok,0,,17622,,,,,0,0,258483168,257190372,229087,144860,0,0,0,0,6,1734,4601,4601
old,5000,none,1,filter_change,4,2026-10-03T20:09:49.729Z,ok,0,rows 4601->1161,339.8,,,,,0,0,326405616,129166548,58176,36824,0,0,0,0,0,0,1161,
old,5000,none,1,sort_change,4,2026-10-03T20:10:26.687Z,ok,0,rows 4601->4601,4883.2,,,,,0,0,526621976,358204040,238983,153331,0,0,0,0,1,289,4601,
old,5000,none,1,initial_load,5,2026-10-03T20:10:50.996Z,ok,0,,13624.8,11167.2,13624.8,116,464,2768,8,505340524,257200184,229087,144860,2,7591008,7579622,9202,19,10653734,4601,
old,5000,none,1,scroll_pages,5,2026-10-03T20:11:14.901Z,ok,0,,825.3,,,,,0,0,520860836,257140056,229087,144860,0,0,0,0,0,0,4601,60
old,5000,none,1,scroll_all,5,2026-10-03T20:11:56.173Z,ok,0,,17620.4,,,,,0,0,258231352,257242856,229087,144860,0,0,0,0,6,1734,4601,4601
old,5000,none,1,filter_change,5,2026-10-03T20:12:20.164Z,ok,0,rows 4601->1161,349.3,,,,,0,0,326793476,129162428,58176,36824,0,0,0,0,0,0,1161,
old,5000,none,1,sort_change,5,2026-10-03T20:12:56.985Z,ok,0,rows 4601->4601,4910.4,,,,,0,0,526583688,358215944,238983,153331,0,0,0,0,1,289,4601,
old,5000,none,1,initial_load,6,2026-10-03T20:13:21.193Z,ok,0,,13585.4,11155.3,13585.4,108,500,2711,8,257472260,257135980,229087,144860,2,7591003,7579622,9202,19,10653729,4601,
old,5000,none,1,scroll_pages,6,2026-10-03T20:13:45.058Z,ok,0,,801.3,,,,,0,0,257599852,257162936,229087,144860,0,0,0,0,0,0,4601,60
old,5000,none,1,scroll_all,6,2026-10-03T20:14:26.634Z,ok,0,,17933.1,,,,,0,0,257904520,257212860,229087,144860,0,0,0,0,6,1734,4601,4601
old,5000,none,1,filter_change,6,2026-10-03T20:14:50.892Z,ok,0,rows 4601->1161,349.6,,,,,0,0,326400116,129185336,58176,36824,0,0,0,0,0,0,1161,
old,5000,none,1,sort_change,6,2026-10-03T20:15:28.119Z,ok,0,rows 4601->4601,4817.9,,,,,0,0,758171928,358093688,238983,153331,0,0,0,0,1,289,4601,
old,5000,none,1,initial_load,7,2026-10-03T20:15:52.346Z,ok,0,,13593.5,11132.1,13593.5,108,508,2732,8,511088460,257211888,229087,144860,2,7591001,7579622,9202,19,10653727,4601,
old,5000,none,1,scroll_pages,7,2026-10-03T20:16:16.261Z,ok,0,,838.1,,,,,0,0,459758100,257166672,229087,144860,0,0,0,0,0,0,4601,60
old,5000,none,1,scroll_all,7,2026-10-03T20:16:57.360Z,ok,0,,17469,,,,,0,0,258095088,257198132,229087,144860,0,0,0,0,6,1734,4601,4601
old,5000,none,1,filter_change,7,2026-10-03T20:17:21.312Z,ok,0,rows 4601->1161,345.5,,,,,0,0,326464660,129158400,58176,36824,0,0,0,0,0,0,1161,
old,5000,none,1,sort_change,7,2026-10-03T20:17:58.296Z,ok,0,rows 4601->4601,4784.3,,,,,0,0,526598556,358224116,238983,153331,0,0,0,0,1,289,4601,
old,5000,none,1,initial_load,8,2026-10-03T20:18:22.357Z,ok,0,,13500.6,11176.3,13500.6,104,444,2612,7,257480684,257146092,229087,144860,2,7590966,7579622,9202,19,10653692,4601,
old,5000,none,1,scroll_pages,8,2026-10-03T20:18:46.327Z,ok,0,,812,,,,,0,0,507660696,257192516,229087,144860,0,0,0,0,0,0,4601,60
old,5000,none,1,scroll_all,8,2026-10-03T20:19:27.531Z,ok,0,,17507.9,,,,,0,0,260684908,257229584,229087,144860,0,0,0,0,6,1734,4601,4601
old,5000,none,1,filter_change,8,2026-10-03T20:19:51.496Z,ok,0,rows 4601->1161,332.1,,,,,0,0,326414204,129145220,58176,36824,0,0,0,0,0,0,1161,
old,5000,none,1,sort_change,8,2026-10-03T20:20:28.449Z,ok,0,rows 4601->4601,4828.4,,,,,0,0,624823116,359338004,238983,153331,0,0,0,0,1,289,4601,
old,5000,none,1,initial_load,9,2026-10-03T20:20:52.388Z,ok,0,,13402.4,11103.6,13402.4,104,476,2604,8,257493164,257139760,229087,144860,2,7590980,7579622,9202,19,10653706,4601,
old,5000,none,1,scroll_pages,9,2026-10-03T20:21:16.348Z,ok,0,,857.3,,,,,0,0,257610316,257155072,229087,144860,0,0,0,0,0,0,4601,60
old,5000,none,1,scroll_all,9,2026-10-03T20:21:59.567Z,ok,0,,18051,,,,,0,0,260168316,257247144,229087,144860,0,0,0,0,7,2023,4601,4601
old,5000,none,1,filter_change,9,2026-10-03T20:22:23.573Z,ok,0,rows 4601->1161,368.9,,,,,0,0,327252924,129193884,58176,36824,0,0,0,0,0,0,1161,
old,5000,none,1,sort_change,9,2026-10-03T20:23:00.856Z,ok,0,rows 4601->4601,4746.3,,,,,0,0,412521364,358245324,238983,153331,0,0,0,0,1,289,4601,
old,5000,none,1,initial_load,10,2026-10-03T20:23:24.989Z,ok,0,,13443.8,11154.7,13443.8,112,508,2575,9,407581184,257168404,229087,144860,2,7591005,7579622,9202,19,10653731,4601,
old,5000,none,1,scroll_pages,10,2026-10-03T20:23:48.844Z,ok,0,,791.9,,,,,0,0,257576988,257143060,229087,144860,0,0,0,0,0,0,4601,60
old,5000,none,1,scroll_all,10,2026-10-03T20:24:29.889Z,ok,0,,17472.2,,,,,0,0,258171540,257217108,229087,144860,0,0,0,0,6,1734,4601,4601
old,5000,none,1,filter_change,10,2026-10-03T20:24:53.942Z,ok,0,rows 4601->1161,351,,,,,0,0,129529160,129189036,58176,36824,0,0,0,0,0,0,1161,
old,5000,none,1,sort_change,10,2026-10-03T20:25:30.844Z,ok,0,rows 4601->4601,4842.6,,,,,0,0,526604096,358204240,238983,153331,0,0,0,0,1,289,4601,
old,5000,none,1,initial_load,11,2026-10-03T20:25:54.963Z,ok,0,,13600.9,11160.2,13600.9,116,472,2738,8,504860592,257166656,229087,144860,2,7591008,7579622,9202,19,10653734,4601,
old,5000,none,1,scroll_pages,11,2026-10-03T20:26:18.838Z,ok,0,,789.3,,,,,0,0,257595724,257161472,229087,144860,0,0,0,0,0,0,4601,60
old,5000,none,1,scroll_all,11,2026-10-03T20:27:00.116Z,ok,0,,17825.2,,,,,0,0,257736400,257199556,229087,144860,0,0,0,0,6,1734,4601,4601
old,5000,none,1,filter_change,11,2026-10-03T20:27:24.151Z,ok,0,rows 4601->1161,348.4,,,,,0,0,326432056,129144972,58176,36824,0,0,0,0,0,0,1161,
old,5000,none,1,sort_change,11,2026-10-03T20:28:01.433Z,ok,0,rows 4601->4601,4947.3,,,,,0,0,622535308,359894816,238983,153331,0,0,0,0,1,289,4601,
old,5000,none,1,initial_load,12,2026-10-03T20:28:25.594Z,ok,0,,13657.1,11145.6,13657.1,116,456,2778,7,505864804,257179372,229087,144860,2,7590987,7579622,9202,19,10653713,4601,
old,5000,none,1,scroll_pages,12,2026-10-03T20:28:49.430Z,ok,0,,786.1,,,,,0,0,505763848,257183232,229087,144860,0,0,0,0,0,0,4601,60
old,5000,none,1,scroll_all,12,2026-10-03T20:29:30.598Z,ok,0,,17516.7,,,,,0,0,258188324,257237144,229087,144860,0,0,0,0,6,1734,4601,4601
old,5000,none,1,filter_change,12,2026-10-03T20:29:54.775Z,ok,0,rows 4601->1161,367.4,,,,,0,0,480103432,129206272,58176,36824,0,0,0,0,0,0,1161,
old,5000,none,1,sort_change,12,2026-10-03T20:30:31.529Z,ok,0,rows 4601->4601,4863.4,,,,,0,0,642512424,359338212,238983,153331,0,0,0,0,1,289,4601,
old,5000,none,1,initial_load,13,2026-10-03T20:30:55.735Z,ok,0,,13577.3,11129.7,13577.3,104,472,2689,8,504705448,257186616,229087,144860,2,7591008,7579622,9202,19,10653734,4601,
old,5000,none,1,scroll_pages,13,2026-10-03T20:31:19.644Z,ok,0,,835.6,,,,,0,0,408241912,257205988,229087,144860,0,0,0,0,0,0,4601,60
old,5000,none,1,scroll_all,13,2026-10-03T20:32:00.655Z,ok,0,,17493.9,,,,,0,0,258191508,257232576,229087,144860,0,0,0,0,6,1734,4601,4601
old,5000,none,1,filter_change,13,2026-10-03T20:32:25.049Z,ok,0,rows 4601->1161,347.6,,,,,0,0,428215616,129579836,58176,36824,0,0,0,0,0,0,1161,
old,5000,none,1,sort_change,13,2026-10-03T20:33:01.826Z,ok,0,rows 4601->4601,4813.8,,,,,0,0,526659516,358219732,238983,153331,0,0,0,0,1,289,4601,
old,5000,none,1,initial_load,14,2026-10-03T20:33:25.890Z,ok,0,,13602,11148.1,13602,104,500,2777,8,506183064,257204928,229087,144860,2,7590995,7579622,9202,19,10653721,4601,
old,5000,none,1,scroll_pages,14,2026-10-03T20:33:49.797Z,ok,0,,828.5,,,,,0,0,257576112,257145720,229087,144860,0,0,0,0,0,0,4601,60
old,5000,none,1,scroll_all,14,2026-10-03T20:34:30.773Z,ok,0,,17556.3,,,,,0,0,258156752,257213332,229087,144860,0,0,0,0,6,1734,4601,4601
old,5000,none,1,filter_change,14,2026-10-03T20:34:54.806Z,ok,0,rows 4601->1161,369.3,,,,,0,0,480622336,129195744,58176,36824,0,0,0,0,0,0,1161,
old,5000,none,1,sort_change,14,2026-10-03T20:35:32.071Z,ok,0,rows 4601->4601,5106.2,,,,,0,0,571484020,358083892,238983,153331,0,0,0,0,1,289,4601,
old,5000,none,1,initial_load,15,2026-10-03T20:35:56.170Z,ok,0,,13595.6,11205.4,13595.6,116,504,2657,8,407386972,257186320,229087,144860,2,7591008,7579622,9202,19,10653734,4601,
old,5000,none,1,scroll_pages,15,2026-10-03T20:36:20.169Z,ok,0,,844,,,,,0,0,499780892,257179088,229087,144860,0,0,0,0,0,0,4601,60
old,5000,none,1,scroll_all,15,2026-10-03T20:37:01.760Z,ok,0,,17934.7,,,,,0,0,258249768,257236624,229087,144860,0,0,0,0,6,1734,4601,4601
old,5000,none,1,filter_change,15,2026-10-03T20:37:26.214Z,ok,0,rows 4601->1161,371.8,,,,,0,0,570352992,129215664,58176,36824,0,0,0,0,0,0,1161,
old,5000,none,1,sort_change,15,2026-10-03T20:38:03.262Z,ok,0,rows 4601->4601,5041.1,,,,,0,0,583606988,358258664,238983,153331,0,0,0,0,1,289,4601,
old,5000,none,1,initial_load,16,2026-10-03T20:38:27.385Z,ok,0,,13505,11196.6,13505,120,460,2718,8,406875136,257167328,229087,144860,2,7590999,7579622,9202,19,10653725,4601,
old,5000,none,1,scroll_pages,16,2026-10-03T20:38:51.342Z,ok,0,,848.7,,,,,0,0,496562208,257174852,229087,144860,0,0,0,0,0,0,4601,60
old,5000,none,1,scroll_all,16,2026-10-03T20:39:32.574Z,ok,0,,17601.2,,,,,0,0,258249444,257254708,229087,144860,0,0,0,0,6,1734,4601,4601
old,5000,none,1,filter_change,16,2026-10-03T20:39:56.711Z,ok,0,rows 4601->1161,360.3,,,,,0,0,489719688,129231620,58176,36824,0,0,0,0,0,0,1161,
old,5000,none,1,sort_change,16,2026-10-03T20:40:34.426Z,ok,0,rows 4601->4601,4988.9,,,,,0,0,542976432,358220396,238983,153331,0,0,0,0,1,289,4601,
old,5000,none,1,initial_load,17,2026-10-03T20:40:58.524Z,ok,0,,13415.7,11102.3,13415.7,120,464,2597,7,409864100,257153576,229087,144860,2,7590959,7579622,9202,19,10653685,4601,
old,5000,none,1,scroll_pages,17,2026-10-03T20:41:22.468Z,ok,0,,785.2,,,,,0,0,257576276,257140508,229087,144860,0,0,0,0,0,0,4601,60
old,5000,none,1,scroll_all,17,2026-10-03T20:42:03.497Z,ok,0,,17387.6,,,,,0,0,258167344,257226724,229087,144860,0,0,0,0,6,1734,4601,4601
old,5000,none,1,filter_change,17,2026-10-03T20:42:27.496Z,ok,0,rows 4601->1161,359.7,,,,,0,0,326339708,129162852,58176,36824,0,0,0,0,0,0,1161,
old,5000,none,1,sort_change,17,2026-10-03T20:43:04.553Z,ok,0,rows 4601->4601,4854.1,,,,,4804,1,637224276,359677244,238983,153331,0,0,0,0,1,289,4601,
old,5000,none,1,initial_load,18,2026-10-03T20:43:28.817Z,ok,0,,13668.6,11167.2,13668.6,112,512,2798,8,525532544,257197508,229087,144860,2,7591008,7579622,9202,19,10653734,4601,
old,5000,none,1,scroll_pages,18,2026-10-03T20:43:52.732Z,ok,0,,795.9,,,,,0,0,520766560,257142872,229087,144860,0,0,0,0,0,0,4601,60
old,5000,none,1,scroll_all,18,2026-10-03T20:44:33.875Z,ok,0,,17651.1,,,,,0,0,258169460,257221524,229087,144860,0,0,0,0,6,1734,4601,4601
old,5000,none,1,filter_change,18,2026-10-03T20:44:58.251Z,ok,0,rows 4601->1161,337.1,,,,,0,0,426795720,129561508,58176,36824,0,0,0,0,0,0,1161,
old,5000,none,1,sort_change,18,2026-10-03T20:45:34.975Z,ok,0,rows 4601->4601,4792.2,,,,,0,0,644069704,359045064,238983,153331,0,0,0,0,1,289,4601,
old,5000,none,1,initial_load,19,2026-10-03T20:45:59.116Z,ok,0,,13590.4,11144.4,13590.4,104,472,2736,9,498175448,257183620,229087,144860,2,7591007,7579622,9202,19,10653733,4601,
old,5000,none,1,scroll_pages,19,2026-10-03T20:46:22.989Z,ok,0,,823.1,,,,,0,0,257619176,257172196,229087,144860,0,0,0,0,0,0,4601,60
old,5000,none,1,scroll_all,19,2026-10-03T20:47:03.827Z,ok,0,,17212.6,,,,,0,0,258071064,257197708,229087,144860,0,0,0,0,6,1734,4601,4601
old,5000,none,1,filter_change,19,2026-10-03T20:47:28.004Z,ok,0,rows 4601->1161,344.5,,,,,0,0,326433088,129156416,58176,36824,0,0,0,0,0,0,1161,
old,5000,none,1,sort_change,19,2026-10-03T20:48:05.063Z,ok,0,rows 4601->4601,4971.4,,,,,0,0,526563868,358216764,238983,153331,0,0,0,0,1,289,4601,
old,5000,none,1,initial_load,20,2026-10-03T20:48:29.059Z,ok,0,,13523.5,11095.2,13523.5,104,460,2716,8,257494292,257140876,229087,144860,2,7591008,7579622,9202,19,10653734,4601,
old,5000,none,1,scroll_pages,20,2026-10-03T20:48:52.997Z,ok,0,,805.3,,,,,0,0,503631004,257182940,229087,144860,0,0,0,0,0,0,4601,60
old,5000,none,1,scroll_all,20,2026-10-03T20:49:33.804Z,ok,0,,17336.3,,,,,0,0,258032588,257185396,229087,144860,0,0,0,0,6,1734,4601,4601
old,5000,none,1,filter_change,20,2026-10-03T20:49:57.926Z,ok,0,rows 4601->1161,366.4,,,,,0,0,129627072,129198580,58176,36824,0,0,0,0,0,0,1161,
old,5000,none,1,sort_change,20,2026-10-03T20:50:35.301Z,ok,0,rows 4601->4601,4741.4,,,,,0,0,518166100,358242436,238983,153331,0,0,0,0,1,289,4601,
old,5000,none,1,initial_load,21,2026-10-03T20:50:59.497Z,ok,0,,13597.9,11120.7,13597.9,104,464,2785,8,494748524,257164656,229087,144860,2,7591000,7579622,9202,19,10653726,4601,
old,5000,none,1,scroll_pages,21,2026-10-03T20:51:23.374Z,ok,0,,798.2,,,,,0,0,408973152,257158504,229087,144860,0,0,0,0,0,0,4601,60
old,5000,none,1,scroll_all,21,2026-10-03T20:52:04.882Z,ok,0,,17917.7,,,,,0,0,258225636,257224136,229087,144860,0,0,0,0,6,1734,4601,4601
old,5000,none,1,filter_change,21,2026-10-03T20:52:28.986Z,ok,0,rows 4601->1161,353.1,,,,,0,0,326382732,129139652,58176,36824,0,0,0,0,0,0,1161,
old,5000,none,1,sort_change,21,2026-10-03T20:53:06.113Z,ok,0,rows 4601->4601,4961.1,,,,,0,0,526610992,358223220,238983,153331,0,0,0,0,1,289,4601,
old,5000,none,1,initial_load,22,2026-10-03T20:53:30.437Z,ok,0,,13605.1,11226.8,13605.1,136,472,2764,8,415365752,257176604,229087,144860,2,7591008,7579622,9202,19,10653734,4601,
old,5000,none,1,scroll_pages,22,2026-10-03T20:53:54.344Z,ok,0,,800.7,,,,,0,0,415891592,257132484,229087,144860,0,0,0,0,0,0,4601,60
old,5000,none,1,scroll_all,22,2026-10-03T20:54:35.688Z,ok,0,,17947,,,,,0,0,258188088,257261900,229087,144860,0,0,0,0,6,1734,4601,4601
old,5000,none,1,filter_change,22,2026-10-03T20:55:00.092Z,ok,0,rows 4601->1161,346.2,,,,,0,0,433376672,129692848,58176,36824,0,0,0,0,0,0,1161,
old,5000,none,1,sort_change,22,2026-10-03T20:55:37.069Z,ok,0,rows 4601->4601,4846.9,,,,,0,0,616706712,358918580,238983,153331,0,0,0,0,1,289,4601,
old,5000,none,1,initial_load,23,2026-10-03T20:56:01.176Z,ok,0,,13538.5,11154.4,13538.5,112,468,2669,7,499053952,257181572,229087,144860,2,7591008,7579622,9202,19,10653734,4601,
old,5000,none,1,scroll_pages,23,2026-10-03T20:56:25.111Z,ok,0,,813.2,,,,,0,0,501804984,257141160,229087,144860,0,0,0,0,0,0,4601,60
old,5000,none,1,scroll_all,23,2026-10-03T20:57:05.970Z,ok,0,,17249.6,,,,,0,0,258058428,257199952,229087,144860,0,0,0,0,6,1734,4601,4601
old,5000,none,1,filter_change,23,2026-10-03T20:57:30.214Z,ok,0,rows 4601->1161,347.6,,,,,0,0,338737452,129538260,58176,36824,0,0,0,0,0,0,1161,
old,5000,none,1,sort_change,23,2026-10-03T20:58:07.103Z,ok,0,rows 4601->4601,4911.5,,,,,0,0,530510952,358943692,238983,153331,0,0,0,0,1,289,4601,
old,5000,none,1,initial_load,24,2026-10-03T20:58:31.350Z,ok,0,,13684.4,11129.8,13684.4,124,588,2799,9,528312712,257208936,229087,144860,2,7591008,7579622,9202,19,10653734,4601,
old,5000,none,1,scroll_pages,24,2026-10-03T20:58:55.478Z,ok,0,,829.8,,,,,0,0,257614192,257181736,229087,144860,0,0,0,0,0,0,4601,60
old,5000,none,1,scroll_all,24,2026-10-03T20:59:36.562Z,ok,0,,17553,,,,,0,0,258117116,257214432,229087,144860,0,0,0,0,6,1734,4601,4601
old,5000,none,1,filter_change,24,2026-10-03T21:00:00.677Z,ok,0,rows 4601->1161,376.4,,,,,0,0,601789288,129200480,58176,36824,0,0,0,0,0,0,1161,
old,5000,none,1,sort_change,24,2026-10-03T21:00:37.419Z,ok,0,rows 4601->4601,4850.6,,,,,0,0,487111736,358209296,238983,153331,0,0,0,0,1,289,4601,
old,5000,none,1,initial_load,25,2026-10-03T21:01:01.589Z,ok,0,,13658.4,11199.9,13658.4,104,456,2771,8,504885664,257192504,229087,144860,2,7590990,7579622,9202,19,10653716,4601,
old,5000,none,1,scroll_pages,25,2026-10-03T21:01:25.690Z,ok,0,,819.2,,,,,0,0,500823700,257168708,229087,144860,0,0,0,0,0,0,4601,60
old,5000,none,1,scroll_all,25,2026-10-03T21:02:07.715Z,ok,0,,18329.7,,,,,0,0,257916776,257282664,229087,144860,0,0,0,0,6,1734,4601,4601
old,5000,none,1,filter_change,25,2026-10-03T21:02:32.038Z,ok,0,rows 4601->1161,357.5,,,,,0,0,326497160,129217744,58176,36824,0,0,0,0,0,0,1161,
old,5000,none,1,sort_change,25,2026-10-03T21:03:09.195Z,ok,0,rows 4601->4601,4863.3,,,,,0,0,517466840,359400232,238983,153331,0,0,0,0,1,289,4601,
old,5000,none,1,initial_load,26,2026-10-03T21:03:33.429Z,ok,0,,13412.6,11116.6,13412.6,124,468,2557,8,257514796,257195544,229087,144860,2,7591008,7579622,9202,19,10653734,4601,
old,5000,none,1,scroll_pages,26,2026-10-03T21:03:57.561Z,ok,0,,814.8,,,,,0,0,515979308,257181784,229087,144860,0,0,0,0,0,0,4601,60
old,5000,none,1,scroll_all,26,2026-10-03T21:04:38.796Z,ok,0,,17540.2,,,,,0,0,258240308,257257024,229087,144860,0,0,0,0,6,1734,4601,4601
old,5000,none,1,filter_change,26,2026-10-03T21:05:03.052Z,ok,0,rows 4601->1161,363.4,,,,,0,0,326469864,129177660,58176,36824,0,0,0,0,0,0,1161,
old,5000,none,1,sort_change,26,2026-10-03T21:05:40.520Z,ok,0,rows 4601->4601,4813,,,,,0,0,574486660,358262140,238983,153331,0,0,0,0,1,289,4601,
old,5000,none,1,initial_load,27,2026-10-03T21:06:04.732Z,ok,0,,13534.2,11135.6,13534.2,112,464,2668,8,518606808,257164856,229087,144860,2,7591008,7579622,9202,19,10653734,4601,
old,5000,none,1,scroll_pages,27,2026-10-03T21:06:28.721Z,ok,0,,814.3,,,,,0,0,509065504,257181832,229087,144860,0,0,0,0,0,0,4601,60
old,5000,none,1,scroll_all,27,2026-10-03T21:07:10.094Z,ok,0,,17480.1,,,,,0,0,258254944,257251588,229087,144860,0,0,0,0,6,1734,4601,4601
old,5000,none,1,filter_change,27,2026-10-03T21:07:34.205Z,ok,0,rows 4601->1161,365.3,,,,,0,0,326807792,129166936,58176,36824,0,0,0,0,0,0,1161,
old,5000,none,1,sort_change,27,2026-10-03T21:08:11.445Z,ok,0,rows 4601->4601,5099.1,,,,,0,0,613664508,358217036,238983,153331,0,0,0,0,1,289,4601,
old,5000,none,1,initial_load,28,2026-10-03T21:08:35.737Z,ok,0,,13543.2,11137.8,13543.2,112,524,2718,8,521780620,257192524,229087,144860,2,7591008,7579622,9202,19,10653734,4601,
old,5000,none,1,scroll_pages,28,2026-10-03T21:08:59.897Z,ok,0,,819.9,,,,,0,0,257583984,257151184,229087,144860,0,0,0,0,0,0,4601,60
old,5000,none,1,scroll_all,28,2026-10-03T21:09:41.089Z,ok,0,,17508.8,,,,,0,0,258255936,257267512,229087,144860,0,0,0,0,6,1734,4601,4601
old,5000,none,1,filter_change,28,2026-10-03T21:10:05.215Z,ok,0,rows 4601->1161,336,,,,,0,0,326818204,129158608,58176,36824,0,0,0,0,0,0,1161,
old,5000,none,1,sort_change,28,2026-10-03T21:10:41.880Z,ok,0,rows 4601->4601,4642.5,,,,,0,0,629097324,359958432,238983,153331,0,0,0,0,1,289,4601,
old,5000,none,1,initial_load,29,2026-10-03T21:11:06.097Z,ok,0,,13537.8,11128.7,13537.8,120,420,2742,9,516514628,257175940,229087,144860,2,7591001,7579622,9202,19,10653727,4601,
old,5000,none,1,scroll_pages,29,2026-10-03T21:11:30.281Z,ok,0,,814.5,,,,,0,0,257569832,257133860,229087,144860,0,0,0,0,0,0,4601,60
old,5000,none,1,scroll_all,29,2026-10-03T21:12:11.508Z,ok,0,,17616.5,,,,,0,0,258233840,257254220,229087,144860,0,0,0,0,6,1734,4601,4601
old,5000,none,1,filter_change,29,2026-10-03T21:12:35.767Z,ok,0,rows 4601->1161,366.6,,,,,0,0,326764072,129183512,58176,36824,0,0,0,0,0,0,1161,
old,5000,none,1,sort_change,29,2026-10-03T21:13:12.601Z,ok,0,rows 4601->4601,4736.1,,,,,0,0,536159076,360114836,238983,153331,0,0,0,0,1,289,4601,
old,5000,none,1,initial_load,30,2026-10-03T21:13:36.822Z,ok,0,,13205.8,10982.1,13205.8,108,488,2445,7,257480092,257146560,229087,144860,2,7590986,7579622,9202,19,10653712,4601,
old,5000,none,1,scroll_pages,30,2026-10-03T21:14:01.016Z,ok,0,,876.8,,,,,0,0,257470692,257184064,229087,144860,0,0,0,0,0,0,4601,60
old,5000,none,1,scroll_all,30,2026-10-03T21:14:42.321Z,ok,0,,17680.2,,,,,0,1,258111232,257222260,229087,144860,0,0,0,0,6,1734,4601,4601
old,5000,none,1,filter_change,30,2026-10-03T21:15:06.482Z,ok,0,rows 4601->1161,345.4,,,,,0,0,595710776,129209600,58176,36824,0,0,0,0,0,0,1161,
old,5000,none,1,sort_change,30,2026-10-03T21:15:43.950Z,ok,0,rows 4601->4601,4867.9,,,,,0,0,450264268,358187376,238983,153331,0,0,0,0,1,289,4601,
new,5000,none,1,initial_load,1,2026-10-04T07:56:37.319Z,ok,0,,567.2,567.2,567.2,64,696,15,2,11533408,9684544,796,541,1,15303,14995,20,9,859306,12,
new,5000,none,1,scroll_pages,1,2026-10-04T07:56:39.932Z,ok,0,,910.6,,,,,0,0,16128084,10960792,1200,797,3,46063,45136,60,3,46063,20,60
new,5000,none,1,scroll_all,1,2026-10-04T07:57:26.278Z,ok,0,,44256,,,,,0,0,30158072,17598548,937,630,230,3507548,3436621,4581,230,3507548,15,4601
new,5000,none,1,filter_change,1,2026-10-04T07:57:28.107Z,ok,0,rows 12->12,73.8,,,,,0,0,14498832,11405152,904,620,1,15290,14982,20,1,15290,12,
new,5000,none,1,sort_change,1,2026-10-04T07:57:29.941Z,ok,0,rows 12->12,84.9,,,,,0,0,13697616,11233540,847,560,1,15188,14880,20,1,15188,12,
new,5000,none,1,initial_load,2,2026-10-04T07:57:32.081Z,ok,0,,566.4,566.4,566.4,64,700,14,2,11543960,9684392,796,541,1,15303,14995,20,9,859306,12,
new,5000,none,1,scroll_pages,2,2026-10-04T07:57:34.675Z,ok,0,,886.7,,,,,0,0,16133772,10964712,1200,797,3,46063,45136,60,3,46063,20,60
new,5000,none,1,scroll_all,2,2026-10-04T07:58:21.116Z,ok,0,,44352.8,,,,,0,0,27818496,17579140,937,630,230,3507548,3436621,4581,230,3507548,15,4601
new,5000,none,1,filter_change,2,2026-10-04T07:58:22.937Z,ok,0,rows 12->12,72.1,,,,,0,0,14522628,11414344,904,620,1,15290,14982,20,1,15290,12,
new,5000,none,1,sort_change,2,2026-10-04T07:58:24.769Z,ok,0,rows 12->12,85.5,,,,,0,0,13728812,11235984,847,560,1,15188,14880,20,1,15188,12,
new,5000,none,1,initial_load,3,2026-10-04T07:58:26.898Z,ok,0,,559,559,559,64,696,13,3,11530252,9690960,796,541,1,15303,14995,20,9,859306,12,
new,5000,none,1,scroll_pages,3,2026-10-04T07:58:29.515Z,ok,0,,965.3,,,,,0,0,17230544,11007560,1200,797,3,46063,45136,60,3,46063,20,63
new,5000,none,1,scroll_all,3,2026-10-04T07:59:15.803Z,ok,0,,44191.3,,,,,0,0,31872096,17591032,937,630,230,3507548,3436621,4581,230,3507548,15,4601
new,5000,none,1,filter_change,3,2026-10-04T07:59:17.625Z,ok,0,rows 12->12,77.9,,,,,0,0,14475248,11411108,904,620,1,15290,14982,20,1,15290,12,
new,5000,none,1,sort_change,3,2026-10-04T07:59:19.470Z,ok,0,rows 12->12,85.6,,,,,0,0,13661348,11239516,847,560,1,15188,14880,20,1,15188,12,
new,5000,none,1,initial_load,4,2026-10-04T07:59:21.604Z,ok,0,,564.2,564.2,564.2,64,688,16,2,11552020,9684352,796,541,1,15303,14995,20,9,859306,12,
new,5000,none,1,scroll_pages,4,2026-10-04T07:59:24.221Z,ok,0,,967.6,,,,,0,0,17238240,11015272,1200,797,3,46063,45136,60,3,46063,20,63
new,5000,none,1,scroll_all,4,2026-10-04T08:00:10.942Z,ok,0,,44652.7,,,,,0,0,26538960,17583280,937,630,230,3507548,3436621,4581,230,3507548,15,4601
new,5000,none,1,filter_change,4,2026-10-04T08:00:12.746Z,ok,0,rows 12->12,74,,,,,0,0,14495628,11406372,904,620,1,15290,14982,20,1,15290,12,
new,5000,none,1,sort_change,4,2026-10-04T08:00:14.561Z,ok,0,rows 12->12,83.6,,,,,0,0,13689452,11233692,847,560,1,15188,14880,20,1,15188,12,
new,5000,none,1,initial_load,5,2026-10-04T08:00:16.706Z,ok,0,,574.2,574.2,574.2,64,436,23,2,11562652,9683752,796,541,1,15303,14995,20,9,859306,12,
new,5000,none,1,scroll_pages,5,2026-10-04T08:00:19.357Z,ok,0,,954.8,,,,,0,0,17213448,11008800,1200,797,3,46063,45136,60,3,46063,20,63
new,5000,none,1,scroll_all,5,2026-10-04T08:01:07.044Z,ok,0,,45584.6,,,,,0,0,46393236,17579824,937,630,230,3507548,3436621,4581,230,3507548,15,4601
new,5000,none,1,filter_change,5,2026-10-04T08:01:08.943Z,ok,0,rows 12->12,88.3,,,,,0,0,14484640,11412488,904,620,1,15290,14982,20,1,15290,12,
new,5000,none,1,sort_change,5,2026-10-04T08:01:10.787Z,ok,0,rows 12->12,92.6,,,,,0,0,13753360,11236660,847,560,1,15188,14880,20,1,15188,12,
new,5000,none,1,initial_load,6,2026-10-04T08:01:13.088Z,ok,0,,670.6,670.6,670.6,104,540,46,2,11575576,9694032,796,541,1,15303,14995,20,9,859306,12,
new,5000,none,1,scroll_pages,6,2026-10-04T08:01:15.776Z,ok,0,,949.9,,,,,0,0,16172980,10964452,1200,797,3,46063,45136,60,3,46063,20,60
new,5000,none,1,scroll_all,6,2026-10-04T08:02:03.203Z,ok,0,,45361.1,,,,,0,0,47090360,17593844,937,630,230,3507548,3436621,4581,230,3507548,15,4601
new,5000,none,1,filter_change,6,2026-10-04T08:02:05.025Z,ok,0,rows 12->12,77.3,,,,,0,0,13737604,11398192,904,620,1,15290,14982,20,1,15290,12,
new,5000,none,1,sort_change,6,2026-10-04T08:02:06.854Z,ok,0,rows 12->12,83.9,,,,,0,0,13734664,11240924,847,560,1,15188,14880,20,1,15188,12,
new,5000,none,1,initial_load,7,2026-10-04T08:02:08.989Z,ok,0,,564.8,564.8,564.8,64,428,13,2,11563820,9690952,796,541,1,15303,14995,20,9,859306,12,
new,5000,none,1,scroll_pages,7,2026-10-04T08:02:11.606Z,ok,0,,925.2,,,,,0,0,16106120,10971632,1200,797,3,46063,45136,60,3,46063,20,60
new,5000,none,1,scroll_all,7,2026-10-04T08:02:57.062Z,ok,0,,43350.2,,,,,0,0,32500472,17586156,937,630,230,3507548,3436621,4581,230,3507548,15,4601
new,5000,none,1,filter_change,7,2026-10-04T08:02:58.878Z,ok,0,rows 12->12,72.4,,,,,0,0,14493212,11410768,904,620,1,15290,14982,20,1,15290,12,
new,5000,none,1,sort_change,7,2026-10-04T08:03:00.696Z,ok,0,rows 12->12,89.5,,,,,0,0,13701852,11234868,847,560,1,15188,14880,20,1,15188,12,
new,5000,none,1,initial_load,8,2026-10-04T08:03:02.833Z,ok,0,,566.3,566.3,566.3,72,440,15,2,11534588,9683752,796,541,1,15303,14995,20,9,859306,12,
new,5000,none,1,scroll_pages,8,2026-10-04T08:03:05.416Z,ok,0,,900.2,,,,,0,0,16155920,10957048,1200,797,3,46063,45136,60,3,46063,20,60
new,5000,none,1,scroll_all,8,2026-10-04T08:03:51.100Z,ok,0,,43610.7,,,,,0,0,38206544,17601288,937,630,230,3507548,3436621,4581,230,3507548,15,4601
new,5000,none,1,filter_change,8,2026-10-04T08:03:52.960Z,ok,0,rows 12->12,73.9,,,,,0,0,14495964,11410972,904,620,1,15290,14982,20,1,15290,12,
new,5000,none,1,sort_change,8,2026-10-04T08:03:54.793Z,ok,0,rows 12->12,85.4,,,,,0,0,13675536,11239632,847,560,1,15188,14880,20,1,15188,12,
new,5000,none,1,initial_load,9,2026-10-04T08:03:56.938Z,ok,0,,575.2,575.2,575.2,60,432,25,2,11525340,9684396,796,541,1,15303,14995,20,9,859306,12,
new,5000,none,1,scroll_pages,9,2026-10-04T08:03:59.513Z,ok,0,,887.1,,,,,0,0,16125776,10964936,1200,797,3,46063,45136,60,3,46063,20,60
new,5000,none,1,scroll_all,9,2026-10-04T08:04:46.486Z,ok,0,,44916.1,,,,,0,0,28752536,17556088,937,630,230,3507548,3436621,4581,230,3507548,15,4601
new,5000,none,1,filter_change,9,2026-10-04T08:04:48.288Z,ok,0,rows 12->12,71,,,,,0,0,14494820,11407752,904,620,1,15290,14982,20,1,15290,12,
new,5000,none,1,sort_change,9,2026-10-04T08:04:50.125Z,ok,0,rows 12->12,84.9,,,,,0,0,13708728,11233492,847,560,1,15188,14880,20,1,15188,12,
new,5000,none,1,initial_load,10,2026-10-04T08:04:52.273Z,ok,0,,573,573,573,76,436,22,2,11541004,9694592,796,541,1,15303,14995,20,9,859306,12,
new,5000,none,1,scroll_pages,10,2026-10-04T08:04:54.859Z,ok,0,,939.4,,,,,0,0,17164668,11008540,1200,797,3,46063,45136,60,3,46063,20,63
new,5000,none,1,scroll_all,10,2026-10-04T08:05:41.599Z,ok,0,,44643.3,,,,,0,0,35193652,17589968,937,630,230,3507548,3436621,4581,230,3507548,15,4601
new,5000,none,1,filter_change,10,2026-10-04T08:05:43.420Z,ok,0,rows 12->12,74,,,,,0,0,14476952,11408248,904,620,1,15290,14982,20,1,15290,12,
new,5000,none,1,sort_change,10,2026-10-04T08:05:45.253Z,ok,0,rows 12->12,86.6,,,,,0,0,13701700,11236224,847,560,1,15188,14880,20,1,15188,12,
new,5000,none,1,initial_load,11,2026-10-04T08:05:47.389Z,ok,0,,565.8,565.8,565.8,64,696,12,2,11523416,9691020,796,541,1,15303,14995,20,9,859306,12,
new,5000,none,1,scroll_pages,11,2026-10-04T08:05:49.936Z,ok,0,,929.1,,,,,0,0,17198200,11008400,1200,797,3,46063,45136,60,3,46063,20,63
new,5000,none,1,scroll_all,11,2026-10-04T08:06:36.516Z,ok,0,,44453.8,,,,,0,0,31600732,17588428,937,630,230,3507548,3436621,4581,230,3507548,15,4601
new,5000,none,1,filter_change,11,2026-10-04T08:06:38.350Z,ok,0,rows 12->12,76,,,,,0,0,14491604,11414492,904,620,1,15290,14982,20,1,15290,12,
new,5000,none,1,sort_change,11,2026-10-04T08:06:40.163Z,ok,0,rows 12->12,83.1,,,,,0,0,13679796,11234972,847,560,1,15188,14880,20,1,15188,12,
new,5000,none,1,initial_load,12,2026-10-04T08:06:42.303Z,ok,0,,568.3,568.3,568.3,64,700,13,2,11531260,9690968,796,541,1,15303,14995,20,9,859306,12,
new,5000,none,1,scroll_pages,12,2026-10-04T08:06:44.886Z,ok,0,,890.6,,,,,0,0,16152472,10964688,1200,797,3,46063,45136,60,3,46063,20,60
new,5000,none,1,scroll_all,12,2026-10-04T08:11:46.066Z,timeout,1,timeout after 300000 ms; stalls=479,300036.8,,,,,0,0,18003036,17121784,948,637,217,3323078,3256131,4340,217,3323078,15,4360
new,5000,none,1,filter_change,12,2026-10-04T08:11:47.889Z,ok,0,rows 12->12,73.2,,,,,0,0,14489556,11417508,904,620,1,15290,14982,20,1,15290,12,
new,5000,none,1,sort_change,12,2026-10-04T08:11:49.706Z,ok,0,rows 12->12,85.8,,,,,0,0,13724736,11240996,847,560,1,15188,14880,20,1,15188,12,
new,5000,none,1,initial_load,13,2026-10-04T08:11:51.841Z,ok,0,,563.2,563.2,563.2,64,436,13,2,11560352,9684428,796,541,1,15303,14995,20,9,859306,12,
new,5000,none,1,scroll_pages,13,2026-10-04T08:11:54.444Z,ok,0,,904.8,,,,,0,0,16184676,10964428,1200,797,3,46063,45136,60,3,46063,20,60
new,5000,none,1,scroll_all,13,2026-10-04T08:12:40.218Z,ok,0,,43650.1,,,,,0,0,47264728,17620484,937,630,230,3507548,3436621,4581,230,3507548,15,4601
new,5000,none,1,filter_change,13,2026-10-04T08:12:42.048Z,ok,0,rows 12->12,69.7,,,,,0,0,14458828,11408668,904,620,1,15290,14982,20,1,15290,12,
new,5000,none,1,sort_change,13,2026-10-04T08:12:43.890Z,ok,0,rows 12->12,85.2,,,,,0,0,13714952,11233268,847,560,1,15188,14880,20,1,15188,12,
new,5000,none,1,initial_load,14,2026-10-04T08:12:46.028Z,ok,0,,568.4,568.4,568.4,76,468,19,2,11542740,9695272,796,541,1,15303,14995,20,9,859306,12,
new,5000,none,1,scroll_pages,14,2026-10-04T08:12:48.655Z,ok,0,,922.6,,,,,0,0,16146668,10961544,1200,797,3,46063,45136,60,3,46063,20,60
new,5000,none,1,scroll_all,14,2026-10-04T08:13:34.444Z,ok,0,,43691.4,,,,,0,0,46927988,17596392,937,630,230,3507548,3436621,4581,230,3507548,15,4601
new,5000,none,1,filter_change,14,2026-10-04T08:13:36.266Z,ok,0,rows 12->12,75,,,,,0,0,14482652,11409956,904,620,1,15290,14982,20,1,15290,12,
new,5000,none,1,sort_change,14,2026-10-04T08:13:38.095Z,ok,0,rows 12->12,83.1,,,,,0,0,13710692,11236612,847,560,1,15188,14880,20,1,15188,12,
new,5000,none,1,initial_load,15,2026-10-04T08:13:40.232Z,ok,0,,562.9,562.9,562.9,60,700,16,2,11567648,9684432,796,541,1,15303,14995,20,9,859306,12,
new,5000,none,1,scroll_pages,15,2026-10-04T08:13:42.816Z,ok,0,,883.2,,,,,0,0,16145856,10964908,1200,797,3,46063,45136,60,3,46063,20,60
new,5000,none,1,scroll_all,15,2026-10-04T08:14:29.143Z,ok,0,,44177.6,,,,,0,0,29939744,17577244,937,630,230,3507548,3436621,4581,230,3507548,15,4601
new,5000,none,1,filter_change,15,2026-10-04T08:14:31.012Z,ok,0,rows 12->12,74.9,,,,,0,0,14466192,11409592,904,620,1,15290,14982,20,1,15290,12,
new,5000,none,1,sort_change,15,2026-10-04T08:14:32.843Z,ok,0,rows 12->12,85,,,,,0,0,13695128,11243064,847,560,1,15188,14880,20,1,15188,12,
new,5000,none,1,initial_load,16,2026-10-04T08:14:34.989Z,ok,0,,574.7,574.7,574.7,64,472,17,2,11567268,9694020,796,541,1,15303,14995,20,9,859305,12,
new,5000,none,1,scroll_pages,16,2026-10-04T08:14:37.678Z,ok,0,,970.8,,,,,0,0,16172288,10960716,1200,797,3,46063,45136,60,3,46063,20,60
new,5000,none,1,scroll_all,16,2026-10-04T08:15:24.176Z,ok,0,,44395.3,,,,,0,0,45132500,17620660,937,630,230,3507548,3436621,4581,230,3507548,15,4601
new,5000,none,1,filter_change,16,2026-10-04T08:15:25.987Z,ok,0,rows 12->12,74.3,,,,,0,0,14501064,11405888,904,620,1,15290,14982,20,1,15290,12,
new,5000,none,1,sort_change,16,2026-10-04T08:15:27.822Z,ok,0,rows 12->12,83.9,,,,,0,0,13625788,11232904,847,560,1,15188,14880,20,1,15188,12,
new,5000,none,1,initial_load,17,2026-10-04T08:15:29.950Z,ok,0,,558.6,558.6,558.6,60,708,9,2,11530388,9683908,796,541,1,15303,14995,20,9,859305,12,
new,5000,none,1,scroll_pages,17,2026-10-04T08:15:32.584Z,ok,0,,941.6,,,,,0,0,17159780,11009444,1200,797,3,46063,45136,60,3,46063,20,63
new,5000,none,1,scroll_all,17,2026-10-04T08:16:18.736Z,ok,0,,44073.2,,,,,0,0,37197160,17542692,937,630,230,3507548,3436621,4581,230,3507548,15,4601
new,5000,none,1,filter_change,17,2026-10-04T08:16:20.553Z,ok,0,rows 12->12,76.8,,,,,0,0,14470108,11407628,904,620,1,15290,14982,20,1,15290,12,
new,5000,none,1,sort_change,17,2026-10-04T08:16:22.378Z,ok,0,rows 12->12,84,,,,,0,0,13693720,11236548,847,560,1,15188,14880,20,1,15188,12,
new,5000,none,1,initial_load,18,2026-10-04T08:16:24.517Z,ok,0,,569,569,569,72,436,19,3,11559320,9690808,796,541,1,15303,14995,20,9,859305,12,
new,5000,none,1,scroll_pages,18,2026-10-04T08:16:27.157Z,ok,0,,1003.4,,,,,0,0,17177412,11008160,1200,797,3,46063,45136,60,3,46063,20,63
new,5000,none,1,scroll_all,18,2026-10-04T08:17:13.093Z,ok,0,,43862.1,,,,,0,0,26719344,17574540,937,630,230,3507548,3436621,4581,230,3507548,15,4601
new,5000,none,1,filter_change,18,2026-10-04T08:17:14.911Z,ok,0,rows 12->12,71.8,,,,,0,0,14504396,11415968,904,620,1,15290,14982,20,1,15290,12,
new,5000,none,1,sort_change,18,2026-10-04T08:17:16.747Z,ok,0,rows 12->12,83.7,,,,,0,0,13697748,11233300,847,560,1,15188,14880,20,1,15188,12,
new,5000,none,1,initial_load,19,2026-10-04T08:17:18.885Z,ok,0,,566,566,566,64,436,14,2,11574812,9684248,796,541,1,15303,14995,20,9,859305,12,
new,5000,none,1,scroll_pages,19,2026-10-04T08:17:21.486Z,ok,0,,970.9,,,,,0,0,17232176,11008020,1200,797,3,46063,45136,60,3,46063,20,63
new,5000,none,1,scroll_all,19,2026-10-04T08:18:07.717Z,ok,0,,44158,,,,,0,0,41052516,17578200,937,630,230,3507548,3436621,4581,230,3507548,15,4601
new,5000,none,1,filter_change,19,2026-10-04T08:18:09.547Z,ok,0,rows 12->12,73,,,,,0,0,14448756,11412388,904,620,1,15290,14982,20,1,15290,12,
new,5000,none,1,sort_change,19,2026-10-04T08:18:11.378Z,ok,0,rows 12->12,84.6,,,,,0,0,13692224,11233212,847,560,1,15188,14880,20,1,15188,12,
new,5000,none,1,initial_load,20,2026-10-04T08:18:13.516Z,ok,0,,566.5,566.5,566.5,64,756,15,2,11581872,9694920,796,541,1,15303,14995,20,9,859305,12,
new,5000,none,1,scroll_pages,20,2026-10-04T08:18:16.072Z,ok,0,,921.9,,,,,0,0,17194676,11014164,1200,797,3,46063,45136,60,3,46063,20,63
new,5000,none,1,scroll_all,20,2026-10-04T08:19:02.548Z,ok,0,,44404.1,,,,,0,0,29257108,17586368,937,630,230,3507548,3436621,4581,230,3507548,15,4601
new,5000,none,1,filter_change,20,2026-10-04T08:19:04.386Z,ok,0,rows 12->12,73.1,,,,,0,0,14491992,11407432,904,620,1,15290,14982,20,1,15290,12,
new,5000,none,1,sort_change,20,2026-10-04T08:19:06.223Z,ok,0,rows 12->12,83.6,,,,,0,0,13666976,11233128,847,560,1,15188,14880,20,1,15188,12,
new,5000,none,1,initial_load,21,2026-10-04T08:19:08.373Z,ok,0,,573.4,573.4,573.4,76,440,19,3,11563600,9690912,796,541,1,15303,14995,20,9,859305,12,
new,5000,none,1,scroll_pages,21,2026-10-04T08:19:11.009Z,ok,0,,937.3,,,,,0,0,17207172,11013880,1200,797,3,46063,45136,60,3,46063,20,63
new,5000,none,1,scroll_all,21,2026-10-04T08:19:57.208Z,ok,0,,44119.2,,,,,0,0,37182948,17576836,937,630,230,3507548,3436621,4581,230,3507548,15,4601
new,5000,none,1,filter_change,21,2026-10-04T08:19:59.034Z,ok,0,rows 12->12,73.4,,,,,0,0,14499864,11406768,904,620,1,15290,14982,20,1,15290,12,
new,5000,none,1,sort_change,21,2026-10-04T08:20:00.852Z,ok,0,rows 12->12,83.5,,,,,0,0,13689000,11239828,847,560,1,15188,14880,20,1,15188,12,
new,5000,none,1,initial_load,22,2026-10-04T08:20:02.988Z,ok,0,,565.6,565.6,565.6,64,428,17,2,11572532,9691036,796,541,1,15303,14995,20,9,859305,12,
new,5000,none,1,scroll_pages,22,2026-10-04T08:20:05.610Z,ok,0,,916.5,,,,,0,0,17198320,11008952,1200,797,3,46063,45136,60,3,46063,20,63
new,5000,none,1,scroll_all,22,2026-10-04T08:20:51.928Z,ok,0,,44210.7,,,,,0,0,29742548,17562496,937,630,230,3507548,3436621,4581,230,3507548,15,4601
new,5000,none,1,filter_change,22,2026-10-04T08:20:53.747Z,ok,0,rows 12->12,73.3,,,,,0,0,14458548,11405848,904,620,1,15290,14982,20,1,15290,12,
new,5000,none,1,sort_change,22,2026-10-04T08:20:55.580Z,ok,0,rows 12->12,86.8,,,,,0,0,13665692,11239716,847,560,1,15188,14880,20,1,15188,12,
new,5000,none,1,initial_load,23,2026-10-04T08:20:57.716Z,ok,0,,564.1,564.1,564.1,60,428,10,2,11544704,9684408,796,541,1,15303,14995,20,9,859305,12,
new,5000,none,1,scroll_pages,23,2026-10-04T08:21:00.334Z,ok,0,,919.9,,,,,0,0,16222420,10966908,1200,797,3,46063,45136,60,3,46063,20,60
new,5000,none,1,scroll_all,23,2026-10-04T08:21:46.440Z,ok,0,,44006.8,,,,,0,0,48375808,17587184,937,630,230,3507548,3436621,4581,230,3507548,15,4601
new,5000,none,1,filter_change,23,2026-10-04T08:21:48.256Z,ok,0,rows 12->12,69.5,,,,,0,0,14510552,11405928,904,620,1,15290,14982,20,1,15290,12,
new,5000,none,1,sort_change,23,2026-10-04T08:21:50.079Z,ok,0,rows 12->12,83.3,,,,,0,0,13668760,11233276,847,560,1,15188,14880,20,1,15188,12,
new,5000,none,1,initial_load,24,2026-10-04T08:21:52.219Z,ok,0,,570.8,570.8,570.8,64,480,19,2,11553388,9684292,796,541,1,15303,14995,20,9,859305,12,
new,5000,none,1,scroll_pages,24,2026-10-04T08:21:54.884Z,ok,0,,1023,,,,,0,0,17206008,11007208,1200,797,3,46063,45136,60,3,46063,20,63
new,5000,none,1,scroll_all,24,2026-10-04T08:22:40.898Z,ok,0,,43890,,,,,0,0,35944132,17584988,937,630,230,3507548,3436621,4581,230,3507548,15,4601
new,5000,none,1,filter_change,24,2026-10-04T08:22:42.723Z,ok,0,rows 12->12,74,,,,,0,0,14529240,11407964,904,620,1,15290,14982,20,1,15290,12,
new,5000,none,1,sort_change,24,2026-10-04T08:22:44.556Z,ok,0,rows 12->12,83.6,,,,,0,0,13697068,11236736,847,560,1,15188,14880,20,1,15188,12,
new,5000,none,1,initial_load,25,2026-10-04T08:22:46.699Z,ok,0,,569.5,569.5,569.5,64,696,16,2,11562952,9684492,796,541,1,15303,14995,20,9,859305,12,
new,5000,none,1,scroll_pages,25,2026-10-04T08:22:49.297Z,ok,0,,954.4,,,,,0,0,17177264,11015192,1200,797,3,46063,45136,60,3,46063,20,63
new,5000,none,1,scroll_all,25,2026-10-04T08:23:35.748Z,ok,0,,44349.4,,,,,0,0,45304544,17578544,937,630,230,3507548,3436621,4581,230,3507548,15,4601
new,5000,none,1,filter_change,25,2026-10-04T08:23:37.555Z,ok,0,rows 12->12,74.8,,,,,0,0,14501740,11404976,904,620,1,15290,14982,20,1,15290,12,
new,5000,none,1,sort_change,25,2026-10-04T08:23:39.384Z,ok,0,rows 12->12,87.4,,,,,0,0,13676152,11232852,847,560,1,15188,14880,20,1,15188,12,
new,5000,none,1,initial_load,26,2026-10-04T08:23:41.519Z,ok,0,,561.9,561.9,561.9,64,696,15,2,11547880,9684400,796,541,1,15303,14995,20,9,859305,12,
new,5000,none,1,scroll_pages,26,2026-10-04T08:23:44.122Z,ok,0,,903.2,,,,,0,0,16161752,10965180,1200,797,3,46063,45136,60,3,46063,20,60
new,5000,none,1,scroll_all,26,2026-10-04T08:24:30.115Z,ok,0,,43922.3,,,,,0,0,34953784,17562044,937,630,230,3507548,3436621,4581,230,3507548,15,4601
new,5000,none,1,filter_change,26,2026-10-04T08:24:31.972Z,ok,0,rows 12->12,74,,,,,0,0,14489500,11406008,904,620,1,15290,14982,20,1,15290,12,
new,5000,none,1,sort_change,26,2026-10-04T08:24:33.801Z,ok,0,rows 12->12,91.9,,,,,0,0,13715188,11241212,847,560,1,15188,14880,20,1,15188,12,
new,5000,none,1,initial_load,27,2026-10-04T08:24:35.933Z,ok,0,,563,563,563,64,432,12,2,11528372,9683592,796,541,1,15303,14995,20,9,859306,12,
new,5000,none,1,scroll_pages,27,2026-10-04T08:24:38.537Z,ok,0,,917.4,,,,,0,0,16155724,10964360,1200,797,3,46063,45136,60,3,46063,20,60
new,5000,none,1,scroll_all,27,2026-10-04T08:25:25.238Z,ok,0,,44635.4,,,,,0,0,40911340,17598868,937,630,230,3507548,3436621,4581,230,3507548,15,4601
new,5000,none,1,filter_change,27,2026-10-04T08:25:27.060Z,ok,0,rows 12->12,73.5,,,,,0,0,14500180,11408908,904,620,1,15290,14982,20,1,15290,12,
new,5000,none,1,sort_change,27,2026-10-04T08:25:28.899Z,ok,0,rows 12->12,83.7,,,,,0,0,13650932,11233316,847,560,1,15188,14880,20,1,15188,12,
new,5000,none,1,initial_load,28,2026-10-04T08:25:31.039Z,ok,0,,568.2,568.2,568.2,80,424,16,2,11558084,9701104,796,541,1,15303,14995,20,9,859306,12,
new,5000,none,1,scroll_pages,28,2026-10-04T08:25:33.671Z,ok,0,,979.8,,,,,0,0,17185360,11007448,1200,797,3,46063,45136,60,3,46063,20,63
new,5000,none,1,scroll_all,28,2026-10-04T08:26:20.002Z,ok,0,,44280.7,,,,,0,0,26680256,17597044,937,630,230,3507548,3436621,4581,230,3507548,15,4601
new,5000,none,1,filter_change,28,2026-10-04T08:26:21.820Z,ok,0,rows 12->12,73,,,,,0,0,14437424,11408232,904,620,1,15290,14982,20,1,15290,12,
new,5000,none,1,sort_change,28,2026-10-04T08:26:23.639Z,ok,0,rows 12->12,85.3,,,,,0,0,13727140,11233556,847,560,1,15188,14880,20,1,15188,12,
new,5000,none,1,initial_load,29,2026-10-04T08:26:25.775Z,ok,0,,565.8,565.8,565.8,68,700,14,2,11541920,9684492,796,541,1,15303,14995,20,9,859306,12,
new,5000,none,1,scroll_pages,29,2026-10-04T08:26:28.381Z,ok,0,,966.6,,,,,0,0,17136724,11014896,1200,797,3,46063,45136,60,3,46063,20,63
new,5000,none,1,scroll_all,29,2026-10-04T08:27:14.638Z,ok,0,,44187.2,,,,,0,0,29770368,17597436,937,630,230,3507548,3436621,4581,230,3507548,15,4601
new,5000,none,1,filter_change,29,2026-10-04T08:27:16.465Z,ok,0,rows 12->12,71.1,,,,,0,0,14523512,11406088,904,620,1,15290,14982,20,1,15290,12,
new,5000,none,1,sort_change,29,2026-10-04T08:27:18.304Z,ok,0,rows 12->12,84.6,,,,,0,0,13689280,11242736,847,560,1,15188,14880,20,1,15188,12,
new,5000,none,1,initial_load,30,2026-10-04T08:27:20.440Z,ok,0,,566.5,566.5,566.5,64,696,14,2,11534372,9684556,796,541,1,15303,14995,20,9,859306,12,
new,5000,none,1,scroll_pages,30,2026-10-04T08:27:23.073Z,ok,0,,917.1,,,,,0,0,16136640,10959800,1200,797,3,46063,45136,60,3,46063,20,60
new,5000,none,1,scroll_all,30,2026-10-04T08:28:09.684Z,ok,0,,44500,,,,,0,0,49709608,17611472,937,630,230,3507548,3436621,4581,230,3507548,15,4601
new,5000,none,1,filter_change,30,2026-10-04T08:28:11.498Z,ok,0,rows 12->12,75.6,,,,,0,0,14459760,11405852,904,620,1,15290,14982,20,1,15290,12,
new,5000,none,1,sort_change,30,2026-10-04T08:28:13.351Z,ok,0,rows 12->12,87.5,,,,,0,0,13703916,11233468,847,560,1,15188,14880,20,1,15188,12,
